# ************************************************************
# Sequel Pro SQL dump
# Version 4541
#
# http://www.sequelpro.com/
# https://github.com/sequelpro/sequelpro
#
# Host: 127.0.0.1 (MySQL 5.6.35)
# Database: ssqc
# Generation Time: 2017-06-12 11:23:28 +0000
# ************************************************************


/*!40101 SET @OLD_CHARACTER_SET_CLIENT=@@CHARACTER_SET_CLIENT */;
/*!40101 SET @OLD_CHARACTER_SET_RESULTS=@@CHARACTER_SET_RESULTS */;
/*!40101 SET @OLD_COLLATION_CONNECTION=@@COLLATION_CONNECTION */;
/*!40101 SET NAMES utf8 */;
/*!40014 SET @OLD_FOREIGN_KEY_CHECKS=@@FOREIGN_KEY_CHECKS, FOREIGN_KEY_CHECKS=0 */;
/*!40101 SET @OLD_SQL_MODE=@@SQL_MODE, SQL_MODE='NO_AUTO_VALUE_ON_ZERO' */;
/*!40111 SET @OLD_SQL_NOTES=@@SQL_NOTES, SQL_NOTES=0 */;


# Dump of table authors
# ------------------------------------------------------------

DROP TABLE IF EXISTS `authors`;

CREATE TABLE `authors` (
  `id` int(10) unsigned NOT NULL AUTO_INCREMENT,
  `file_name` text COLLATE utf8_unicode_ci NOT NULL COMMENT '文件名称',
  `china_name` text COLLATE utf8_unicode_ci NOT NULL COMMENT '中文名字',
  `foreign_name` text COLLATE utf8_unicode_ci NOT NULL COMMENT '外文名字',
  `alias_name` text COLLATE utf8_unicode_ci NOT NULL COMMENT '别名',
  `gender` int(11) NOT NULL COMMENT '性别',
  `nationality` text COLLATE utf8_unicode_ci NOT NULL COMMENT '国籍',
  `born` text COLLATE utf8_unicode_ci NOT NULL COMMENT '出生地',
  `birth_date` text COLLATE utf8_unicode_ci NOT NULL COMMENT '出生日期',
  `death_address` text COLLATE utf8_unicode_ci NOT NULL COMMENT '翘辫子地点',
  `death` text COLLATE utf8_unicode_ci NOT NULL COMMENT '翘辫子时间',
  `art_features` text COLLATE utf8_unicode_ci NOT NULL COMMENT '艺术特点',
  `art_genre` text COLLATE utf8_unicode_ci NOT NULL COMMENT '艺术流派',
  `art_date` text COLLATE utf8_unicode_ci NOT NULL COMMENT '艺术时期',
  `impact` text COLLATE utf8_unicode_ci NOT NULL COMMENT '影响',
  `motto` text COLLATE utf8_unicode_ci NOT NULL COMMENT '格言',
  `avatar` text COLLATE utf8_unicode_ci NOT NULL COMMENT '头像',
  `achievement` text COLLATE utf8_unicode_ci NOT NULL COMMENT '成就',
  `evaluation` text COLLATE utf8_unicode_ci NOT NULL COMMENT '评价',
  `intro` text COLLATE utf8_unicode_ci NOT NULL COMMENT '简介',
  `domesticandforeign` int(11) NOT NULL,
  `worktype_id` int(11) NOT NULL COMMENT '文件名称',
  `workdate_id` int(11) NOT NULL COMMENT '文件名称',
  `created_at` timestamp NOT NULL DEFAULT '0000-00-00 00:00:00',
  `updated_at` timestamp NOT NULL DEFAULT '0000-00-00 00:00:00',
  PRIMARY KEY (`id`)
) ENGINE=InnoDB DEFAULT CHARSET=utf8 COLLATE=utf8_unicode_ci;

LOCK TABLES `authors` WRITE;
/*!40000 ALTER TABLE `authors` DISABLE KEYS */;

INSERT INTO `authors` (`id`, `file_name`, `china_name`, `foreign_name`, `alias_name`, `gender`, `nationality`, `born`, `birth_date`, `death_address`, `death`, `art_features`, `art_genre`, `art_date`, `impact`, `motto`, `avatar`, `achievement`, `evaluation`, `intro`, `domesticandforeign`, `worktype_id`, `workdate_id`, `created_at`, `updated_at`)
VALUES
	(6,'作者名称123','作者321','去玩儿群翁日期为若欠人情无若无','千万人群无热我确认群翁让王其二',1,'去玩儿群翁日文  去玩儿无群二','去玩儿无群二为二位群二群二无为','','去玩儿群翁让王其二其味无穷二二','','去玩儿去玩儿去玩儿去玩儿去玩儿去玩儿去玩儿去玩儿问去玩儿去玩','去玩儿无群二去玩儿去玩儿去玩儿去玩儿问我去二去玩儿我去二去玩','去玩儿蛐蛐儿无若去玩儿去玩儿去玩儿去玩儿去玩儿去玩儿去玩儿去','去玩儿蛐蛐儿无若去玩儿去玩儿去玩儿去玩儿去玩儿去玩儿去玩儿去','去玩儿蛐蛐儿无若去玩儿去玩儿去玩儿去玩儿去玩儿去玩儿去玩儿去','/uploads/author_avatar/1496389880fangao.jpg','去玩儿蛐蛐儿无若去玩儿去玩儿去玩儿去玩儿去玩儿去玩儿去玩儿去','去玩儿蛐蛐儿无若去玩儿去玩儿去玩儿去玩儿去玩儿去玩儿去玩儿去去玩儿蛐蛐儿无若去玩儿去玩儿去玩儿去玩儿去玩儿去玩儿去玩儿去去玩儿蛐蛐儿无若去玩儿去玩儿去玩儿去玩儿去玩儿去玩儿去玩儿去去玩儿蛐蛐儿无若去玩儿去玩儿去玩儿去玩儿去玩儿去玩儿去玩儿去去玩儿蛐蛐儿无若去玩儿去玩儿去玩儿去玩儿去玩儿去玩儿去玩儿去去玩儿蛐蛐儿无若去玩儿去玩儿去玩儿去玩儿去玩儿去玩儿去玩儿去去玩儿蛐蛐儿无若去玩儿去玩儿去玩儿去玩儿去玩儿去玩儿去玩儿去去玩儿蛐蛐儿无若去玩儿去玩儿去玩儿去玩儿去玩儿去玩儿去玩儿去去玩儿蛐蛐儿无若去玩儿去玩儿去玩儿去玩儿去玩儿去玩儿去玩儿去去玩儿蛐蛐儿无若去玩儿去玩儿去玩儿去玩儿去玩儿去玩儿去玩儿去','<p>BootCDN 是 <a href=\"http://www.bootcss.com/\" target=\"_blank\">Bootstrap 中文网</a>和<a href=\"https://www.upyun.com/\" target=\"_blank\">又拍云</a>共同支持并维护的前端开源项目免费 CDN 服务，由<a href=\"https://www.upyun.com/\" target=\"_blank\">又拍云</a>提供全部 CDN 支持，致力于为 Bootstrap、jQuery、Angular 一样优秀的前端开源项目提供稳定、快速的免费 CDN 加速服务。BootCDN 所收录的开源项目主要同步于 <a href=\"https://github.com/cdnjs/cdnjs\" target=\"_blank\">cdnjs</a>仓库。</p><p>BootCDN 是 <a href=\"http://www.bootcss.com/\" target=\"_blank\">Bootstrap 中文网</a>和<a href=\"https://www.upyun.com/\" target=\"_blank\">又拍云</a>共同支持并维护的前端开源项目免费 CDN 服务，由<a href=\"https://www.upyun.com/\" target=\"_blank\">又拍云</a>提供全部 CDN 支持，致力于为 Bootstrap、jQuery、Angular 一样优秀的前端开源项目提供稳定、快速的免费 CDN 加速服务。BootCDN 所收录的开源项目主要同步于 <a href=\"https://github.com/cdnjs/cdnjs\" target=\"_blank\">cdnjs</a>仓库。</p><p>BootCDN 是 <a href=\"http://www.bootcss.com/\" target=\"_blank\">Bootstrap 中文网</a>和<a href=\"https://www.upyun.com/\" target=\"_blank\">又拍云</a>共同支持并维护的前端开源项目免费 CDN 服务，由<a href=\"https://www.upyun.com/\" target=\"_blank\">又拍云</a>提供全部 CDN 支持，致力于为 Bootstrap、jQuery、Angular 一样优秀的前端开源项目提供稳定、快速的免费 CDN 加速服务。BootCDN 所收录的开源项目主要同步于 <a href=\"https://github.com/cdnjs/cdnjs\" target=\"_blank\">cdnjs</a>仓库。BootCDN 是 <a href=\"http://www.bootcss.com/\" target=\"_blank\" style=\"background-color: rgb(255, 255, 255);\">Bootstrap 中文网</a>和<a href=\"https://www.upyun.com/\" target=\"_blank\" style=\"background-color: rgb(255, 255, 255);\">又拍云</a>共同支持并维护的前端开源项目免费 CDN 服务，由<a href=\"https://www.upyun.com/\" target=\"_blank\" style=\"background-color: rgb(255, 255, 255);\">又拍云</a>提供全部 CDN 支持，致力于为 Bootstrap、jQuery、Angular 一样优秀的前端开源项目提供稳定、快速的免费 CDN 加速服务。BootCDN 所收录的开源项目主要同步于 <a href=\"https://github.com/cdnjs/cdnjs\" target=\"_blank\" style=\"background-color: rgb(255, 255, 255);\">cdnjs</a>仓库。</p><br><p>BootCDN 是 <a href=\"http://www.bootcss.com/\" target=\"_blank\">Bootstrap 中文网</a>和<a href=\"https://www.upyun.com/\" target=\"_blank\">又拍云</a>共同支持并维护的前端开源项目免费 CDN 服务，由<a href=\"https://www.upyun.com/\" target=\"_blank\">又拍云</a>提供全部 CDN 支持，致力于为 Bootstrap、jQuery、Angular 一样优秀的前端开源项目提供稳定、快速的免费 CDN 加速服务。BootCDN 所收录的开源项目主要同步于 <a href=\"https://github.com/cdnjs/cdnjs\" target=\"_blank\">cdnjs</a>仓库。</p><br><p>BootCDN 是 <a href=\"http://www.bootcss.com/\" target=\"_blank\">Bootstrap 中文网</a>和<a href=\"https://www.upyun.com/\" target=\"_blank\">又拍云</a>共同支持并维护的前端开源项目免费 CDN 服务，由<a href=\"https://www.upyun.com/\" target=\"_blank\">又拍云</a>提供全部 CDN 支持，致力于为 Bootstrap、jQuery、Angular 一样优秀的前端开源项目提供稳定、快速的免费 CDN 加速服务。BootCDN 所收录的开源项目主要同步于 <a href=\"https://github.com/cdnjs/cdnjs\" target=\"_blank\">cdnjs</a>仓库。</p><br><p>BootCDN 是 <a href=\"http://www.bootcss.com/\" target=\"_blank\">Bootstrap 中文网</a>和<a href=\"https://www.upyun.com/\" target=\"_blank\">又拍云</a>共同支持并维护的前端开源项目免费 CDN 服务，由<a href=\"https://www.upyun.com/\" target=\"_blank\">又拍云</a>提供全部 CDN 支持，致力于为 Bootstrap、jQuery、Angular 一样优秀的前端开源项目提供稳定、快速的免费 CDN 加速服务。BootCDN 所收录的开源项目主要同步于 <a href=\"https://github.com/cdnjs/cdnjs\" target=\"_blank\">cdnjs</a>仓库。</p><br><p>BootCDN 是 <a href=\"http://www.bootcss.com/\" target=\"_blank\">Bootstrap 中文网</a>和<a href=\"https://www.upyun.com/\" target=\"_blank\">又拍云</a>共同支持并维护的前端开源项目免费 CDN 服务，由<a href=\"https://www.upyun.com/\" target=\"_blank\">又拍云</a>提供全部 CDN 支持，致力于为 Bootstrap、jQuery、Angular 一样优秀的前端开源项目提供稳定、快速的免费 CDN 加速服务。BootCDN 所收录的开源项目主要同步于 <a href=\"https://github.com/cdnjs/cdnjs\" target=\"_blank\">cdnjs</a>仓库。</p><br><p>BootCDN 是 <a href=\"http://www.bootcss.com/\" target=\"_blank\">Bootstrap 中文网</a>和<a href=\"https://www.upyun.com/\" target=\"_blank\">又拍云</a>共同支持并维护的前端开源项目免费 CDN 服务，由<a href=\"https://www.upyun.com/\" target=\"_blank\">又拍云</a>提供全部 CDN 支持，致力于为 Bootstrap、jQuery、Angular 一样优秀的前端开源项目提供稳定、快速的免费 CDN 加速服务。BootCDN 所收录的开源项目主要同步于 <a href=\"https://github.com/cdnjs/cdnjs\" target=\"_blank\">cdnjs</a>仓库。</p><p><br></p>',1,1,33,'2017-06-02 15:51:20','2017-06-08 22:04:28'),
	(7,'作者名称','作者','Zuozhe','',1,'','','','','','','','','','','/uploads/author_avatar/1496389902fangao.jpg','','','',1,2,33,'2017-06-02 15:51:42','2017-06-02 15:51:48'),
	(8,'作者','作者','Zuozhe','',1,'','','','','','','','','','','/uploads/author_avatar/1496389936fangao.jpg','','','',1,3,33,'2017-06-02 15:52:16','2017-06-02 15:52:16'),
	(9,'作者','Test','Zuozhe','',1,'','','','','','','','','','','/uploads/author_avatar/1496389964fangao.jpg','','','',1,4,33,'2017-06-02 15:52:44','2017-06-12 15:38:53'),
	(10,'作者','作者','Zuozhe','',1,'','','','','','','','','','','/uploads/author_avatar/1496389980fangao.jpg','','','',1,4,33,'2017-06-02 15:53:00','2017-06-02 15:53:00'),
	(11,'作者','作者','Zuozhe','',1,'','','','','','','','','','','/uploads/author_avatar/1496390001fangao.jpg','','','',1,5,33,'2017-06-02 15:53:21','2017-06-02 15:53:21'),
	(12,'作者','作者','Zuozhe','',1,'','','','','','','','','','','/uploads/author_avatar/1496390019fangao.jpg','','','',1,6,33,'2017-06-02 15:53:39','2017-06-02 15:53:39'),
	(13,'作者','作者','Zuozhe','',1,'','','','','','','','','','','/uploads/author_avatar/1496390044fangao.jpg','','','',1,7,33,'2017-06-02 15:54:04','2017-06-02 15:54:04');

/*!40000 ALTER TABLE `authors` ENABLE KEYS */;
UNLOCK TABLES;


# Dump of table banners
# ------------------------------------------------------------

DROP TABLE IF EXISTS `banners`;

CREATE TABLE `banners` (
  `id` int(10) unsigned NOT NULL AUTO_INCREMENT,
  `name` varchar(255) COLLATE utf8_unicode_ci NOT NULL COMMENT '轮播图名称',
  `url` varchar(255) COLLATE utf8_unicode_ci DEFAULT NULL COMMENT '图片链接',
  `link` varchar(255) COLLATE utf8_unicode_ci DEFAULT NULL COMMENT '链接地址',
  `intro` text COLLATE utf8_unicode_ci COMMENT '简介',
  `sort` int(11) NOT NULL DEFAULT '0' COMMENT '排序',
  `is_hidden` int(11) NOT NULL DEFAULT '0' COMMENT '是否隐藏',
  `is_cat` int(11) NOT NULL DEFAULT '0' COMMENT '是否是栏目',
  `created_at` timestamp NOT NULL DEFAULT '0000-00-00 00:00:00',
  `updated_at` timestamp NOT NULL DEFAULT '0000-00-00 00:00:00',
  PRIMARY KEY (`id`)
) ENGINE=InnoDB DEFAULT CHARSET=utf8 COLLATE=utf8_unicode_ci;

LOCK TABLES `banners` WRITE;
/*!40000 ALTER TABLE `banners` DISABLE KEYS */;

INSERT INTO `banners` (`id`, `name`, `url`, `link`, `intro`, `sort`, `is_hidden`, `is_cat`, `created_at`, `updated_at`)
VALUES
	(36,'首页',NULL,NULL,'首页',0,0,0,'2017-06-02 15:42:31','2017-06-02 15:42:31'),
	(37,'西方油画',NULL,NULL,'西方油画',0,0,0,'2017-06-02 15:42:42','2017-06-02 15:42:42'),
	(38,'中国国画',NULL,NULL,'中国国画',0,0,0,'2017-06-02 15:42:52','2017-06-02 15:42:52'),
	(39,'唐卡壁画',NULL,NULL,'唐卡壁画',0,0,0,'2017-06-02 15:43:00','2017-06-02 15:43:00'),
	(40,'中国书法',NULL,NULL,'中国书法',0,0,0,'2017-06-02 15:43:11','2017-06-02 15:43:11'),
	(41,'印章印谱',NULL,NULL,'印章印谱',0,0,0,'2017-06-02 15:43:26','2017-06-02 15:43:26'),
	(42,'碑帖古籍',NULL,NULL,'印章印谱',0,0,0,'2017-06-02 15:43:37','2017-06-02 15:43:37'),
	(43,'日本版画',NULL,NULL,'日本版画',0,0,0,'2017-06-02 15:43:47','2017-06-02 15:43:47'),
	(44,'Banner','/uploads/banner/1496389449wallhaven-1151.jpg','http://','Banner',0,0,36,'2017-06-02 15:44:09','2017-06-02 15:44:09'),
	(45,'banner','/uploads/banner/1496389465wallhaven-6413.jpg','http://','Banner',0,0,37,'2017-06-02 15:44:25','2017-06-02 15:44:25'),
	(46,'Banner','/uploads/banner/1496389480wallhaven-20196.jpg','http://','Banner',0,0,38,'2017-06-02 15:44:40','2017-06-02 15:44:40'),
	(47,'Banner','/uploads/banner/1496389497wallhaven-48909.jpg','http://','Banner',0,0,39,'2017-06-02 15:44:57','2017-06-02 15:44:57'),
	(48,'Banner','/uploads/banner/1496389526wallhaven-226858.jpg','http://','Banner',0,0,40,'2017-06-02 15:45:26','2017-06-02 15:45:26'),
	(49,'Banner','/uploads/banner/1496389545wallhaven-18349.jpg','http://','Banner',0,0,41,'2017-06-02 15:45:45','2017-06-02 15:45:45'),
	(50,'Banner','/uploads/banner/1496389562wallhaven-520024.jpg','http://','Banner',0,0,42,'2017-06-02 15:46:02','2017-06-02 15:46:02'),
	(51,'Banner','/uploads/banner/1496389581wallhaven-514129.jpg','http://','Banner',0,0,43,'2017-06-02 15:46:21','2017-06-02 15:46:21');

/*!40000 ALTER TABLE `banners` ENABLE KEYS */;
UNLOCK TABLES;


# Dump of table click_records
# ------------------------------------------------------------

DROP TABLE IF EXISTS `click_records`;

CREATE TABLE `click_records` (
  `id` int(10) unsigned NOT NULL AUTO_INCREMENT,
  `module_id` int(11) NOT NULL,
  `type` varchar(255) COLLATE utf8_unicode_ci NOT NULL,
  `name` varchar(255) COLLATE utf8_unicode_ci NOT NULL,
  `created_at` timestamp NOT NULL DEFAULT '0000-00-00 00:00:00',
  `updated_at` timestamp NOT NULL DEFAULT '0000-00-00 00:00:00',
  PRIMARY KEY (`id`)
) ENGINE=InnoDB DEFAULT CHARSET=utf8 COLLATE=utf8_unicode_ci;

LOCK TABLES `click_records` WRITE;
/*!40000 ALTER TABLE `click_records` DISABLE KEYS */;

INSERT INTO `click_records` (`id`, `module_id`, `type`, `name`, `created_at`, `updated_at`)
VALUES
	(1,4,'个人账号','zhangsan','2017-06-05 16:43:56','2017-06-05 16:43:56'),
	(2,5,'个人账号','zhangsan','2017-06-05 16:43:57','2017-06-05 16:43:57'),
	(3,6,'个人账号','zhangsan','2017-06-05 16:43:58','2017-06-05 16:43:58'),
	(4,7,'个人账号','zhangsan','2017-06-05 16:43:59','2017-06-05 16:43:59'),
	(5,9,'个人账号','zhangsan','2017-06-05 16:45:01','2017-06-05 16:45:01'),
	(6,8,'个人账号','zhangsan','2017-06-05 16:45:02','2017-06-05 16:45:02'),
	(7,7,'个人账号','zhangsan','2017-06-05 16:45:03','2017-06-05 16:45:03'),
	(8,6,'个人账号','zhangsan','2017-06-05 16:45:03','2017-06-05 16:45:03'),
	(9,5,'个人账号','zhangsan','2017-06-05 16:45:04','2017-06-05 16:45:04'),
	(10,4,'个人账号','zhangsan','2017-06-05 16:45:04','2017-06-05 16:45:04'),
	(11,7,'个人账号','zhangsan','2017-06-05 16:45:05','2017-06-05 16:45:05'),
	(12,6,'个人账号','zhangsan','2017-06-05 16:45:06','2017-06-05 16:45:06'),
	(13,5,'个人账号','zhangsan','2017-06-05 16:45:07','2017-06-05 16:45:07'),
	(14,4,'个人账号','zhangsan','2017-06-05 17:16:00','2017-06-05 17:16:00'),
	(15,4,'个人账号','zhangsan','2017-06-05 17:16:01','2017-06-05 17:16:01'),
	(16,6,'个人账号','zhangsan','2017-06-05 17:16:02','2017-06-05 17:16:02'),
	(17,7,'个人账号','zhangsan','2017-06-05 17:16:02','2017-06-05 17:16:02'),
	(18,8,'个人账号','zhangsan','2017-06-05 17:16:03','2017-06-05 17:16:03'),
	(19,9,'个人账号','zhangsan','2017-06-05 17:16:04','2017-06-05 17:16:04'),
	(20,8,'个人账号','zhangsan','2017-06-05 17:16:05','2017-06-05 17:16:05'),
	(21,7,'个人账号','zhangsan','2017-06-05 17:16:05','2017-06-05 17:16:05'),
	(22,6,'个人账号','zhangsan','2017-06-05 17:16:06','2017-06-05 17:16:06'),
	(23,5,'个人账号','zhangsan','2017-06-05 17:16:07','2017-06-05 17:16:07'),
	(24,4,'个人账号','zhangsan','2017-06-05 17:16:08','2017-06-05 17:16:08'),
	(25,4,'个人账号','zhangsan','2017-06-05 17:16:09','2017-06-05 17:16:09'),
	(26,5,'个人账号','zhangsan','2017-06-05 17:16:10','2017-06-05 17:16:10'),
	(27,6,'个人账号','zhangsan','2017-06-05 17:16:10','2017-06-05 17:16:10'),
	(28,7,'个人账号','zhangsan','2017-06-05 17:16:11','2017-06-05 17:16:11'),
	(29,8,'个人账号','zhangsan','2017-06-05 17:16:12','2017-06-05 17:16:12'),
	(30,9,'个人账号','zhangsan','2017-06-05 17:16:13','2017-06-05 17:16:13'),
	(31,8,'个人账号','zhangsan','2017-06-05 17:16:13','2017-06-05 17:16:13'),
	(32,7,'个人账号','zhangsan','2017-06-05 17:16:14','2017-06-05 17:16:14'),
	(33,6,'个人账号','zhangsan','2017-06-05 17:16:15','2017-06-05 17:16:15'),
	(34,5,'个人账号','zhangsan','2017-06-05 17:16:15','2017-06-05 17:16:15'),
	(35,4,'个人账号','zhangsan','2017-06-05 17:16:16','2017-06-05 17:16:16'),
	(36,4,'个人账号','zhangsan','2017-06-05 17:16:17','2017-06-05 17:16:17'),
	(37,5,'个人账号','zhangsan','2017-06-05 17:16:18','2017-06-05 17:16:18'),
	(38,6,'个人账号','zhangsan','2017-06-05 17:16:19','2017-06-05 17:16:19'),
	(39,7,'个人账号','zhangsan','2017-06-05 17:16:19','2017-06-05 17:16:19'),
	(40,8,'个人账号','zhangsan','2017-06-05 17:16:20','2017-06-05 17:16:20'),
	(41,9,'个人账号','zhangsan','2017-06-05 17:16:21','2017-06-05 17:16:21'),
	(42,8,'个人账号','zhangsan','2017-06-05 17:16:21','2017-06-05 17:16:21'),
	(43,7,'个人账号','zhangsan','2017-06-05 17:16:22','2017-06-05 17:16:22'),
	(44,6,'个人账号','zhangsan','2017-06-05 17:16:23','2017-06-05 17:16:23'),
	(45,5,'个人账号','zhangsan','2017-06-05 17:16:23','2017-06-05 17:16:23'),
	(46,4,'个人账号','zhangsan','2017-06-05 17:16:24','2017-06-05 17:16:24'),
	(47,4,'个人账号','zhangsan','2017-06-05 17:16:25','2017-06-05 17:16:25'),
	(48,5,'个人账号','zhangsan','2017-06-05 17:16:26','2017-06-05 17:16:26'),
	(49,6,'个人账号','zhangsan','2017-06-05 17:16:27','2017-06-05 17:16:27'),
	(50,7,'个人账号','zhangsan','2017-06-05 17:16:27','2017-06-05 17:16:27'),
	(51,8,'个人账号','zhangsan','2017-06-05 17:16:28','2017-06-05 17:16:28'),
	(52,9,'个人账号','zhangsan','2017-06-05 17:16:29','2017-06-05 17:16:29'),
	(53,8,'个人账号','zhangsan','2017-06-05 17:16:29','2017-06-05 17:16:29'),
	(54,7,'个人账号','zhangsan','2017-06-05 17:16:30','2017-06-05 17:16:30'),
	(55,6,'个人账号','zhangsan','2017-06-05 17:16:31','2017-06-05 17:16:31'),
	(56,5,'个人账号','zhangsan','2017-06-05 17:16:31','2017-06-05 17:16:31'),
	(57,4,'个人账号','zhangsan','2017-06-05 17:16:32','2017-06-05 17:16:32'),
	(58,4,'个人账号','zhangsan','2017-06-05 17:16:34','2017-06-05 17:16:34'),
	(59,5,'个人账号','zhangsan','2017-06-05 17:16:34','2017-06-05 17:16:34'),
	(60,6,'个人账号','zhangsan','2017-06-05 17:16:35','2017-06-05 17:16:35'),
	(61,7,'个人账号','zhangsan','2017-06-05 17:16:35','2017-06-05 17:16:35'),
	(62,8,'个人账号','zhangsan','2017-06-05 17:16:36','2017-06-05 17:16:36'),
	(63,9,'个人账号','zhangsan','2017-06-05 17:16:37','2017-06-05 17:16:37'),
	(64,9,'个人账号','zhangsan','2017-06-05 17:16:37','2017-06-05 17:16:37'),
	(65,9,'个人账号','zhangsan','2017-06-05 17:16:38','2017-06-05 17:16:38'),
	(66,9,'个人账号','zhangsan','2017-06-05 17:16:39','2017-06-05 17:16:39'),
	(67,9,'个人账号','zhangsan','2017-06-05 17:16:39','2017-06-05 17:16:39'),
	(68,9,'个人账号','zhangsan','2017-06-05 17:16:40','2017-06-05 17:16:40'),
	(69,4,'个人账号','zhangsan','2017-06-05 17:16:45','2017-06-05 17:16:45'),
	(70,4,'个人账号','zhangsan','2017-06-05 17:16:46','2017-06-05 17:16:46'),
	(71,4,'个人账号','zhangsan','2017-06-05 17:16:46','2017-06-05 17:16:46'),
	(72,4,'个人账号','zhangsan','2017-06-05 17:16:47','2017-06-05 17:16:47'),
	(73,4,'个人账号','zhangsan','2017-06-05 17:16:47','2017-06-05 17:16:47'),
	(74,4,'个人账号','zhangsan','2017-06-05 17:16:48','2017-06-05 17:16:48'),
	(75,4,'个人账号','zhangsan','2017-06-05 17:16:48','2017-06-05 17:16:48'),
	(76,5,'个人账号','zhangsan','2017-06-05 17:16:49','2017-06-05 17:16:49'),
	(77,5,'个人账号','zhangsan','2017-06-05 17:16:50','2017-06-05 17:16:50'),
	(78,5,'个人账号','zhangsan','2017-06-05 17:16:50','2017-06-05 17:16:50'),
	(79,5,'个人账号','zhangsan','2017-06-05 17:16:51','2017-06-05 17:16:51'),
	(80,5,'个人账号','zhangsan','2017-06-05 17:16:52','2017-06-05 17:16:52'),
	(81,5,'个人账号','zhangsan','2017-06-05 17:16:52','2017-06-05 17:16:52'),
	(82,5,'个人账号','zhangsan','2017-06-05 17:16:52','2017-06-05 17:16:52'),
	(83,5,'个人账号','zhangsan','2017-06-05 17:16:53','2017-06-05 17:16:53'),
	(84,5,'个人账号','zhangsan','2017-06-05 17:16:54','2017-06-05 17:16:54'),
	(85,5,'个人账号','zhangsan','2017-06-05 17:16:54','2017-06-05 17:16:54'),
	(86,6,'个人账号','zhangsan','2017-06-05 17:16:55','2017-06-05 17:16:55'),
	(87,6,'个人账号','zhangsan','2017-06-05 17:16:56','2017-06-05 17:16:56'),
	(88,6,'个人账号','zhangsan','2017-06-05 17:16:56','2017-06-05 17:16:56'),
	(89,6,'个人账号','zhangsan','2017-06-05 17:16:57','2017-06-05 17:16:57'),
	(90,6,'个人账号','zhangsan','2017-06-05 17:16:58','2017-06-05 17:16:58'),
	(91,6,'个人账号','zhangsan','2017-06-05 17:16:58','2017-06-05 17:16:58'),
	(92,7,'个人账号','zhangsan','2017-06-05 17:16:59','2017-06-05 17:16:59'),
	(93,7,'个人账号','zhangsan','2017-06-05 17:16:59','2017-06-05 17:16:59'),
	(94,7,'个人账号','zhangsan','2017-06-05 17:17:00','2017-06-05 17:17:00'),
	(95,7,'个人账号','zhangsan','2017-06-05 17:17:00','2017-06-05 17:17:00'),
	(96,7,'个人账号','zhangsan','2017-06-05 17:17:01','2017-06-05 17:17:01'),
	(97,8,'个人账号','zhangsan','2017-06-05 17:17:02','2017-06-05 17:17:02'),
	(98,8,'个人账号','zhangsan','2017-06-05 17:17:02','2017-06-05 17:17:02'),
	(99,8,'个人账号','zhangsan','2017-06-05 17:17:03','2017-06-05 17:17:03'),
	(100,8,'个人账号','zhangsan','2017-06-05 17:17:04','2017-06-05 17:17:04'),
	(101,9,'个人账号','zhangsan','2017-06-05 17:17:04','2017-06-05 17:17:04'),
	(102,9,'个人账号','zhangsan','2017-06-05 17:17:05','2017-06-05 17:17:05'),
	(103,9,'个人账号','zhangsan','2017-06-05 17:17:06','2017-06-05 17:17:06'),
	(104,9,'个人账号','zhangsan','2017-06-05 17:17:06','2017-06-05 17:17:06'),
	(105,8,'个人账号','zhangsan','2017-06-05 17:19:14','2017-06-05 17:19:14'),
	(106,8,'个人账号','zhangsan','2017-06-05 17:19:15','2017-06-05 17:19:15'),
	(107,8,'个人账号','zhangsan','2017-06-05 17:19:15','2017-06-05 17:19:15'),
	(108,8,'个人账号','zhangsan','2017-06-05 17:19:15','2017-06-05 17:19:15'),
	(109,8,'个人账号','zhangsan','2017-06-05 17:19:16','2017-06-05 17:19:16'),
	(110,8,'个人账号','zhangsan','2017-06-05 17:19:17','2017-06-05 17:19:17'),
	(111,8,'个人账号','zhangsan','2017-06-05 17:19:17','2017-06-05 17:19:17'),
	(112,8,'个人账号','zhangsan','2017-06-05 17:19:18','2017-06-05 17:19:18'),
	(113,7,'个人账号','zhangsan','2017-06-05 17:19:19','2017-06-05 17:19:19'),
	(114,7,'个人账号','zhangsan','2017-06-05 17:19:19','2017-06-05 17:19:19'),
	(115,7,'个人账号','zhangsan','2017-06-05 17:19:20','2017-06-05 17:19:20'),
	(116,7,'个人账号','zhangsan','2017-06-05 17:19:20','2017-06-05 17:19:20'),
	(117,7,'个人账号','zhangsan','2017-06-05 17:19:21','2017-06-05 17:19:21'),
	(118,6,'个人账号','zhangsan','2017-06-05 17:19:22','2017-06-05 17:19:22'),
	(119,6,'个人账号','zhangsan','2017-06-05 17:19:23','2017-06-05 17:19:23'),
	(120,6,'个人账号','zhangsan','2017-06-05 17:19:23','2017-06-05 17:19:23'),
	(121,6,'个人账号','zhangsan','2017-06-05 17:19:24','2017-06-05 17:19:24'),
	(122,5,'个人账号','zhangsan','2017-06-05 17:19:25','2017-06-05 17:19:25'),
	(123,5,'个人账号','zhangsan','2017-06-05 17:19:25','2017-06-05 17:19:25'),
	(124,5,'个人账号','zhangsan','2017-06-05 17:19:26','2017-06-05 17:19:26'),
	(125,5,'个人账号','zhangsan','2017-06-05 17:19:27','2017-06-05 17:19:27'),
	(126,4,'个人账号','zhangsan','2017-06-05 17:19:28','2017-06-05 17:19:28'),
	(127,4,'个人账号','zhangsan','2017-06-05 17:19:28','2017-06-05 17:19:28'),
	(128,4,'个人账号','zhangsan','2017-06-05 17:19:29','2017-06-05 17:19:29'),
	(129,4,'个人账号','zhangsan','2017-06-05 17:19:29','2017-06-05 17:19:29'),
	(130,9,'个人账号','zhangsan','2017-06-05 17:19:33','2017-06-05 17:19:33'),
	(131,9,'个人账号','zhangsan','2017-06-05 17:19:33','2017-06-05 17:19:33'),
	(132,9,'个人账号','zhangsan','2017-06-05 17:19:34','2017-06-05 17:19:34'),
	(133,9,'个人账号','zhangsan','2017-06-05 17:19:34','2017-06-05 17:19:34'),
	(134,9,'个人账号','zhangsan','2017-06-05 17:19:35','2017-06-05 17:19:35'),
	(135,9,'个人账号','zhangsan','2017-06-05 17:19:35','2017-06-05 17:19:35'),
	(136,9,'个人账号','zhangsan','2017-06-05 17:19:36','2017-06-05 17:19:36'),
	(137,9,'个人账号','zhangsan','2017-06-05 17:19:36','2017-06-05 17:19:36'),
	(138,1,'个人账号','zhangsan','2017-06-05 17:22:22','2017-06-05 17:22:22'),
	(139,1,'个人账号','zhangsan','2017-06-05 17:22:23','2017-06-05 17:22:23'),
	(140,1,'个人账号','zhangsan','2017-06-05 17:22:24','2017-06-05 17:22:24'),
	(141,1,'个人账号','zhangsan','2017-06-05 17:22:24','2017-06-05 17:22:24'),
	(142,1,'个人账号','zhangsan','2017-06-05 17:22:25','2017-06-05 17:22:25'),
	(143,1,'个人账号','zhangsan','2017-06-05 17:22:26','2017-06-05 17:22:26'),
	(144,1,'个人账号','zhangsan','2017-06-05 17:22:26','2017-06-05 17:22:26'),
	(145,1,'个人账号','zhangsan','2017-06-05 17:22:27','2017-06-05 17:22:27'),
	(146,1,'个人账号','zhangsan','2017-06-05 17:22:27','2017-06-05 17:22:27'),
	(147,1,'个人账号','zhangsan','2017-06-05 17:22:28','2017-06-05 17:22:28'),
	(148,1,'个人账号','zhangsan','2017-06-05 17:22:28','2017-06-05 17:22:28'),
	(149,1,'个人账号','zhangsan','2017-06-05 17:22:29','2017-06-05 17:22:29'),
	(150,1,'个人账号','zhangsan','2017-06-05 17:22:29','2017-06-05 17:22:29'),
	(151,1,'个人账号','zhangsan','2017-06-05 17:22:30','2017-06-05 17:22:30'),
	(152,1,'个人账号','zhangsan','2017-06-05 17:22:30','2017-06-05 17:22:30'),
	(153,1,'个人账号','zhangsan','2017-06-05 17:22:31','2017-06-05 17:22:31'),
	(154,1,'个人账号','zhangsan','2017-06-05 17:22:31','2017-06-05 17:22:31'),
	(155,1,'个人账号','zhangsan','2017-06-05 17:22:32','2017-06-05 17:22:32'),
	(156,1,'个人账号','zhangsan','2017-06-05 17:22:32','2017-06-05 17:22:32'),
	(157,1,'个人账号','zhangsan','2017-06-05 17:22:33','2017-06-05 17:22:33'),
	(158,1,'个人账号','zhangsan','2017-06-05 17:22:33','2017-06-05 17:22:33'),
	(159,1,'个人账号','zhangsan','2017-06-05 17:22:34','2017-06-05 17:22:34'),
	(160,1,'个人账号','zhangsan','2017-06-05 19:02:35','2017-06-05 19:02:35'),
	(161,4,'个人账号','zhangsan','2017-06-05 19:02:47','2017-06-05 19:02:47'),
	(162,1,'个人账号','zhangsan','2017-06-05 19:03:00','2017-06-05 19:03:00'),
	(163,5,'个人账号','zhangsan','2017-06-05 19:03:05','2017-06-05 19:03:05'),
	(164,6,'个人账号','zhangsan','2017-06-05 19:03:06','2017-06-05 19:03:06'),
	(165,4,'个人账号','zhangsan','2017-06-05 19:03:07','2017-06-05 19:03:07'),
	(166,1,'个人账号','zhangsan','2017-06-06 11:05:55','2017-06-06 11:05:55'),
	(167,4,'个人账号','zhangsan','2017-06-06 11:05:58','2017-06-06 11:05:58'),
	(168,5,'个人账号','zhangsan','2017-06-06 11:05:59','2017-06-06 11:05:59'),
	(169,5,'个人账号','zhangsan','2017-06-06 11:06:03','2017-06-06 11:06:03'),
	(170,1,'机构账号','香港大学','2017-06-06 11:10:25','2017-06-06 11:10:25'),
	(171,4,'机构账号','香港大学','2017-06-06 11:10:31','2017-06-06 11:10:31'),
	(172,5,'机构账号','香港大学','2017-06-06 13:54:09','2017-06-06 13:54:09'),
	(173,6,'机构账号','香港大学','2017-06-06 13:58:20','2017-06-06 13:58:20'),
	(174,8,'机构账号','香港大学','2017-06-06 13:58:38','2017-06-06 13:58:38'),
	(175,5,'机构账号','香港大学','2017-06-06 14:00:16','2017-06-06 14:00:16'),
	(176,4,'机构账号','香港大学','2017-06-06 14:00:53','2017-06-06 14:00:53'),
	(177,4,'机构账号','香港大学','2017-06-06 14:02:21','2017-06-06 14:02:21'),
	(178,10,'机构账号','香港大学','2017-06-06 14:02:22','2017-06-06 14:02:22'),
	(179,1,'机构账号','香港大学','2017-06-06 14:08:25','2017-06-06 14:08:25'),
	(180,3,'机构账号','香港大学','2017-06-06 14:08:40','2017-06-06 14:08:40'),
	(181,5,'机构账号','香港大学','2017-06-06 14:09:06','2017-06-06 14:09:06'),
	(182,5,'机构账号','香港大学','2017-06-06 14:09:09','2017-06-06 14:09:09'),
	(183,5,'机构账号','香港大学','2017-06-06 14:09:18','2017-06-06 14:09:18'),
	(184,10,'机构账号','香港大学','2017-06-06 14:09:22','2017-06-06 14:09:22'),
	(185,4,'机构账号','香港大学','2017-06-06 14:09:54','2017-06-06 14:09:54'),
	(186,5,'机构账号','香港大学','2017-06-06 14:09:56','2017-06-06 14:09:56'),
	(187,6,'机构账号','香港大学','2017-06-06 14:09:57','2017-06-06 14:09:57'),
	(188,8,'机构账号','香港大学','2017-06-06 14:09:58','2017-06-06 14:09:58'),
	(189,1,'机构账号','香港大学','2017-06-06 14:09:59','2017-06-06 14:09:59'),
	(190,4,'机构账号','香港大学','2017-06-06 14:10:08','2017-06-06 14:10:08'),
	(191,10,'机构账号','香港大学','2017-06-06 14:12:08','2017-06-06 14:12:08'),
	(192,8,'机构账号','香港大学','2017-06-06 14:12:11','2017-06-06 14:12:11'),
	(193,5,'机构账号','香港大学','2017-06-06 14:12:14','2017-06-06 14:12:14'),
	(194,10,'机构账号','香港大学','2017-06-06 14:17:50','2017-06-06 14:17:50'),
	(195,1,'机构账号','香港大学','2017-06-06 14:47:32','2017-06-06 14:47:32'),
	(196,1,'机构账号','北京大学','2017-06-06 15:33:37','2017-06-06 15:33:37'),
	(197,6,'机构账号','北京大学','2017-06-06 15:33:39','2017-06-06 15:33:39'),
	(198,6,'机构账号','北京大学','2017-06-06 15:33:46','2017-06-06 15:33:46'),
	(199,6,'机构账号','北京大学','2017-06-06 15:33:54','2017-06-06 15:33:54'),
	(200,6,'机构账号','北京大学','2017-06-06 15:33:56','2017-06-06 15:33:56'),
	(201,9,'机构账号','北京大学','2017-06-06 15:35:51','2017-06-06 15:35:51'),
	(202,9,'机构账号','北京大学','2017-06-06 15:35:53','2017-06-06 15:35:53'),
	(203,9,'机构账号','北京大学','2017-06-06 15:36:06','2017-06-06 15:36:06'),
	(204,9,'机构账号','北京大学','2017-06-06 15:36:11','2017-06-06 15:36:11'),
	(205,9,'机构账号','北京大学','2017-06-06 15:36:12','2017-06-06 15:36:12'),
	(206,9,'机构账号','北京大学','2017-06-06 15:36:32','2017-06-06 15:36:32'),
	(207,9,'机构账号','北京大学','2017-06-06 15:36:33','2017-06-06 15:36:33'),
	(208,9,'机构账号','北京大学','2017-06-06 15:36:42','2017-06-06 15:36:42'),
	(209,9,'机构账号','北京大学','2017-06-06 15:36:48','2017-06-06 15:36:48'),
	(210,9,'机构账号','北京大学','2017-06-06 15:36:50','2017-06-06 15:36:50'),
	(211,9,'机构账号','北京大学','2017-06-06 15:36:52','2017-06-06 15:36:52'),
	(212,9,'机构账号','北京大学','2017-06-06 15:43:14','2017-06-06 15:43:14'),
	(213,10,'机构账号','北京大学','2017-06-06 15:43:17','2017-06-06 15:43:17'),
	(214,9,'机构账号','北京大学','2017-06-06 15:43:18','2017-06-06 15:43:18'),
	(215,7,'机构账号','北京大学','2017-06-06 15:43:19','2017-06-06 15:43:19'),
	(216,4,'机构账号','北京大学','2017-06-06 15:43:21','2017-06-06 15:43:21'),
	(217,7,'机构账号','北京大学','2017-06-06 15:45:11','2017-06-06 15:45:11'),
	(218,7,'机构账号','北京大学','2017-06-06 15:45:16','2017-06-06 15:45:16'),
	(219,7,'机构账号','北京大学','2017-06-06 15:45:43','2017-06-06 15:45:43'),
	(220,7,'机构账号','北京大学','2017-06-06 15:45:51','2017-06-06 15:45:51'),
	(221,7,'机构账号','北京大学','2017-06-06 15:45:53','2017-06-06 15:45:53'),
	(222,10,'机构账号','北京大学','2017-06-06 15:48:55','2017-06-06 15:48:55'),
	(223,1,'机构账号','北京大学','2017-06-06 15:55:51','2017-06-06 15:55:51'),
	(224,9,'机构账号','北京大学','2017-06-06 15:56:28','2017-06-06 15:56:28'),
	(225,7,'机构账号','北京大学','2017-06-06 16:06:28','2017-06-06 16:06:28'),
	(226,7,'机构账号','北京大学','2017-06-06 16:07:38','2017-06-06 16:07:38'),
	(227,4,'机构账号','北京大学','2017-06-06 16:10:12','2017-06-06 16:10:12'),
	(228,7,'机构账号','北京大学','2017-06-06 16:16:47','2017-06-06 16:16:47'),
	(229,1,'机构账号','北京大学','2017-06-06 16:47:19','2017-06-06 16:47:19'),
	(230,1,'机构账号','北京大学','2017-06-06 16:47:30','2017-06-06 16:47:30'),
	(231,9,'机构账号','北京大学','2017-06-06 16:47:36','2017-06-06 16:47:36'),
	(232,4,'机构账号','北京大学','2017-06-06 16:47:37','2017-06-06 16:47:37'),
	(233,7,'机构账号','北京大学','2017-06-06 16:47:38','2017-06-06 16:47:38'),
	(234,7,'机构账号','北京大学','2017-06-06 16:47:40','2017-06-06 16:47:40'),
	(235,1,'机构账号','北京大学','2017-06-06 17:09:13','2017-06-06 17:09:13'),
	(236,7,'机构账号','北京大学','2017-06-06 17:09:15','2017-06-06 17:09:15'),
	(237,10,'机构账号','北京大学','2017-06-06 17:30:03','2017-06-06 17:30:03'),
	(238,9,'机构账号','北京大学','2017-06-06 17:34:51','2017-06-06 17:34:51'),
	(239,7,'机构账号','北京大学','2017-06-06 17:34:52','2017-06-06 17:34:52'),
	(240,4,'机构账号','北京大学','2017-06-06 17:34:53','2017-06-06 17:34:53'),
	(241,7,'机构账号','北京大学','2017-06-06 17:34:56','2017-06-06 17:34:56'),
	(242,9,'机构账号','北京大学','2017-06-06 17:34:57','2017-06-06 17:34:57'),
	(243,9,'机构账号','北京大学','2017-06-06 17:34:58','2017-06-06 17:34:58'),
	(244,10,'机构账号','北京大学','2017-06-06 17:34:58','2017-06-06 17:34:58'),
	(245,10,'机构账号','北京大学','2017-06-06 17:35:01','2017-06-06 17:35:01'),
	(246,10,'机构账号','北京大学','2017-06-06 17:35:03','2017-06-06 17:35:03'),
	(247,4,'机构账号','北京大学','2017-06-06 17:48:42','2017-06-06 17:48:42'),
	(248,4,'机构账号','北京大学','2017-06-06 17:49:45','2017-06-06 17:49:45'),
	(249,1,'机构账号','北京大学','2017-06-06 19:53:21','2017-06-06 19:53:21'),
	(250,4,'机构账号','北京大学','2017-06-06 19:53:23','2017-06-06 19:53:23'),
	(251,1,'机构账号','香港大学','2017-06-08 16:00:22','2017-06-08 16:00:22'),
	(252,10,'机构账号','香港大学','2017-06-08 16:00:26','2017-06-08 16:00:26'),
	(253,10,'机构账号','香港大学','2017-06-08 16:02:39','2017-06-08 16:02:39'),
	(254,1,'机构账号','香港大学','2017-06-08 16:03:48','2017-06-08 16:03:48'),
	(255,6,'机构账号','香港大学','2017-06-08 16:04:40','2017-06-08 16:04:40'),
	(256,10,'机构账号','香港大学','2017-06-08 16:21:21','2017-06-08 16:21:21'),
	(257,8,'机构账号','香港大学','2017-06-08 16:21:24','2017-06-08 16:21:24'),
	(258,9,'机构账号','香港大学','2017-06-08 16:21:26','2017-06-08 16:21:26'),
	(259,10,'机构账号','香港大学','2017-06-08 16:21:27','2017-06-08 16:21:27'),
	(260,6,'机构账号','香港大学','2017-06-08 16:21:29','2017-06-08 16:21:29'),
	(261,9,'机构账号','香港大学','2017-06-08 16:25:59','2017-06-08 16:25:59'),
	(262,10,'机构账号','香港大学','2017-06-08 16:26:00','2017-06-08 16:26:00'),
	(263,6,'机构账号','香港大学','2017-06-08 16:26:07','2017-06-08 16:26:07'),
	(264,10,'机构账号','香港大学','2017-06-08 16:33:40','2017-06-08 16:33:40'),
	(265,1,'机构账号','北京大学','2017-06-08 21:15:31','2017-06-08 21:15:31'),
	(266,3,'机构账号','北京大学','2017-06-08 21:15:43','2017-06-08 21:15:43'),
	(267,3,'机构账号','北京大学','2017-06-08 21:15:56','2017-06-08 21:15:56'),
	(268,3,'机构账号','北京大学','2017-06-08 21:34:47','2017-06-08 21:34:47'),
	(269,9,'机构账号','北京大学','2017-06-08 21:43:08','2017-06-08 21:43:08'),
	(270,4,'机构账号','北京大学','2017-06-08 21:43:15','2017-06-08 21:43:15'),
	(271,9,'机构账号','北京大学','2017-06-08 21:46:17','2017-06-08 21:46:17'),
	(272,1,'机构账号','北京大学','2017-06-08 21:48:16','2017-06-08 21:48:16'),
	(273,6,'机构账号','北京大学','2017-06-08 21:48:40','2017-06-08 21:48:40'),
	(274,9,'机构账号','北京大学','2017-06-08 21:48:47','2017-06-08 21:48:47'),
	(275,1,'机构账号','北京大学','2017-06-08 21:49:53','2017-06-08 21:49:53'),
	(276,4,'机构账号','北京大学','2017-06-08 21:49:59','2017-06-08 21:49:59'),
	(277,1,'机构账号','北京大学','2017-06-08 21:50:04','2017-06-08 21:50:04'),
	(278,4,'机构账号','北京大学','2017-06-08 21:50:28','2017-06-08 21:50:28'),
	(279,1,'机构账号','北京大学','2017-06-08 21:51:58','2017-06-08 21:51:58'),
	(280,9,'机构账号','北京大学','2017-06-08 21:52:01','2017-06-08 21:52:01'),
	(281,1,'机构账号','北京大学','2017-06-08 21:52:07','2017-06-08 21:52:07'),
	(282,1,'机构账号','北京大学','2017-06-08 21:52:16','2017-06-08 21:52:16'),
	(283,10,'机构账号','北京大学','2017-06-08 21:58:51','2017-06-08 21:58:51'),
	(284,4,'机构账号','北京大学','2017-06-08 22:01:32','2017-06-08 22:01:32'),
	(285,3,'机构账号','北京大学','2017-06-08 22:01:40','2017-06-08 22:01:40'),
	(286,10,'机构账号','北京大学','2017-06-08 22:04:39','2017-06-08 22:04:39'),
	(287,10,'机构账号','北京大学','2017-06-08 22:04:50','2017-06-08 22:04:50'),
	(288,7,'机构账号','北京大学','2017-06-08 22:06:51','2017-06-08 22:06:51'),
	(289,8,'机构账号','北京大学','2017-06-08 22:18:34','2017-06-08 22:18:34'),
	(290,1,'机构账号','北京大学','2017-06-12 10:46:05','2017-06-12 10:46:05'),
	(291,1,'机构账号','北京大学','2017-06-12 15:41:54','2017-06-12 15:41:54'),
	(292,10,'机构账号','北京大学','2017-06-12 15:53:46','2017-06-12 15:53:46'),
	(293,4,'机构账号','北京大学','2017-06-12 15:56:09','2017-06-12 15:56:09'),
	(294,4,'机构账号','北京大学','2017-06-12 15:56:51','2017-06-12 15:56:51'),
	(295,4,'机构账号','北京大学','2017-06-12 15:57:05','2017-06-12 15:57:05');

/*!40000 ALTER TABLE `click_records` ENABLE KEYS */;
UNLOCK TABLES;


# Dump of table client_carts
# ------------------------------------------------------------

DROP TABLE IF EXISTS `client_carts`;

CREATE TABLE `client_carts` (
  `id` int(10) unsigned NOT NULL AUTO_INCREMENT,
  `client_id` int(11) NOT NULL,
  `work_id` int(11) NOT NULL,
  `num` int(11) NOT NULL DEFAULT '0',
  `created_at` timestamp NOT NULL DEFAULT '0000-00-00 00:00:00',
  `updated_at` timestamp NOT NULL DEFAULT '0000-00-00 00:00:00',
  PRIMARY KEY (`id`)
) ENGINE=InnoDB DEFAULT CHARSET=utf8 COLLATE=utf8_unicode_ci;

LOCK TABLES `client_carts` WRITE;
/*!40000 ALTER TABLE `client_carts` DISABLE KEYS */;

INSERT INTO `client_carts` (`id`, `client_id`, `work_id`, `num`, `created_at`, `updated_at`)
VALUES
	(1,2,54,2,'2017-06-06 11:10:35','2017-06-08 17:09:14'),
	(2,2,51,2,'2017-06-06 11:10:38','2017-06-08 17:09:13'),
	(3,2,52,1,'2017-06-06 11:10:41','2017-06-06 11:10:41'),
	(4,2,53,1,'2017-06-06 11:10:43','2017-06-06 11:10:43'),
	(5,1,81,3,'2017-06-06 16:07:42','2017-06-08 22:08:16'),
	(6,1,82,2,'2017-06-06 16:07:44','2017-06-06 16:08:26'),
	(7,1,84,1,'2017-06-06 16:07:47','2017-06-06 16:07:47');

/*!40000 ALTER TABLE `client_carts` ENABLE KEYS */;
UNLOCK TABLES;


# Dump of table client_downloads
# ------------------------------------------------------------

DROP TABLE IF EXISTS `client_downloads`;

CREATE TABLE `client_downloads` (
  `id` int(10) unsigned NOT NULL AUTO_INCREMENT,
  `work_id` int(11) NOT NULL,
  `client_id` int(11) NOT NULL,
  `created_at` timestamp NOT NULL DEFAULT '0000-00-00 00:00:00',
  `updated_at` timestamp NOT NULL DEFAULT '0000-00-00 00:00:00',
  PRIMARY KEY (`id`)
) ENGINE=InnoDB DEFAULT CHARSET=utf8 COLLATE=utf8_unicode_ci;

LOCK TABLES `client_downloads` WRITE;
/*!40000 ALTER TABLE `client_downloads` DISABLE KEYS */;

INSERT INTO `client_downloads` (`id`, `work_id`, `client_id`, `created_at`, `updated_at`)
VALUES
	(1,81,1,'2017-06-06 16:07:20','2017-06-06 16:07:20'),
	(2,81,1,'2017-06-06 17:09:51','2017-06-06 17:09:51'),
	(3,81,1,'2017-06-06 17:09:52','2017-06-06 17:09:52'),
	(4,81,1,'2017-06-06 17:09:52','2017-06-06 17:09:52'),
	(5,81,1,'2017-06-06 17:09:53','2017-06-06 17:09:53'),
	(6,81,1,'2017-06-06 17:09:54','2017-06-06 17:09:54'),
	(7,81,1,'2017-06-06 17:09:54','2017-06-06 17:09:54'),
	(8,81,1,'2017-06-06 17:09:55','2017-06-06 17:09:55'),
	(9,81,1,'2017-06-06 17:09:56','2017-06-06 17:09:56'),
	(10,81,1,'2017-06-06 17:09:56','2017-06-06 17:09:56'),
	(11,81,1,'2017-06-06 17:09:56','2017-06-06 17:09:56'),
	(12,81,1,'2017-06-06 17:09:56','2017-06-06 17:09:56'),
	(13,81,1,'2017-06-06 17:09:57','2017-06-06 17:09:57'),
	(14,81,1,'2017-06-06 17:09:57','2017-06-06 17:09:57'),
	(15,81,1,'2017-06-06 17:09:57','2017-06-06 17:09:57'),
	(16,81,1,'2017-06-06 17:09:57','2017-06-06 17:09:57'),
	(17,81,1,'2017-06-06 17:09:57','2017-06-06 17:09:57'),
	(18,81,1,'2017-06-06 17:09:57','2017-06-06 17:09:57'),
	(19,81,1,'2017-06-06 17:09:58','2017-06-06 17:09:58'),
	(20,81,1,'2017-06-06 17:09:58','2017-06-06 17:09:58'),
	(21,81,1,'2017-06-06 17:09:58','2017-06-06 17:09:58'),
	(22,81,1,'2017-06-06 17:09:58','2017-06-06 17:09:58'),
	(23,81,1,'2017-06-06 17:09:58','2017-06-06 17:09:58'),
	(24,81,1,'2017-06-06 17:09:58','2017-06-06 17:09:58'),
	(25,81,1,'2017-06-06 17:09:59','2017-06-06 17:09:59'),
	(26,81,1,'2017-06-06 17:09:59','2017-06-06 17:09:59'),
	(27,81,1,'2017-06-06 17:09:59','2017-06-06 17:09:59'),
	(28,81,1,'2017-06-06 17:09:59','2017-06-06 17:09:59'),
	(29,81,1,'2017-06-06 17:10:00','2017-06-06 17:10:00'),
	(30,81,1,'2017-06-06 17:10:00','2017-06-06 17:10:00'),
	(31,81,1,'2017-06-06 17:10:00','2017-06-06 17:10:00'),
	(32,81,1,'2017-06-06 17:10:00','2017-06-06 17:10:00'),
	(33,81,1,'2017-06-06 17:10:00','2017-06-06 17:10:00'),
	(34,81,1,'2017-06-06 17:10:00','2017-06-06 17:10:00'),
	(35,81,1,'2017-06-06 17:10:00','2017-06-06 17:10:00'),
	(36,81,1,'2017-06-06 17:10:00','2017-06-06 17:10:00'),
	(37,81,1,'2017-06-06 17:10:01','2017-06-06 17:10:01'),
	(38,81,1,'2017-06-06 17:10:01','2017-06-06 17:10:01'),
	(39,81,1,'2017-06-06 17:10:01','2017-06-06 17:10:01'),
	(40,81,1,'2017-06-06 17:10:01','2017-06-06 17:10:01'),
	(41,81,1,'2017-06-06 17:10:02','2017-06-06 17:10:02'),
	(42,81,1,'2017-06-06 17:10:02','2017-06-06 17:10:02'),
	(43,81,1,'2017-06-06 17:10:02','2017-06-06 17:10:02'),
	(44,81,1,'2017-06-06 17:10:02','2017-06-06 17:10:02'),
	(45,81,1,'2017-06-06 17:10:02','2017-06-06 17:10:02'),
	(46,81,1,'2017-06-06 17:10:03','2017-06-06 17:10:03'),
	(47,81,1,'2017-06-06 17:10:03','2017-06-06 17:10:03'),
	(48,81,1,'2017-06-06 17:10:03','2017-06-06 17:10:03'),
	(49,81,1,'2017-06-06 17:10:03','2017-06-06 17:10:03'),
	(50,81,1,'2017-06-06 17:10:03','2017-06-06 17:10:03'),
	(51,81,1,'2017-06-06 17:10:03','2017-06-06 17:10:03'),
	(52,81,1,'2017-06-06 17:10:03','2017-06-06 17:10:03'),
	(53,81,1,'2017-06-06 17:10:04','2017-06-06 17:10:04'),
	(54,81,1,'2017-06-06 17:10:04','2017-06-06 17:10:04'),
	(55,81,1,'2017-06-06 17:10:04','2017-06-06 17:10:04'),
	(56,81,1,'2017-06-06 17:10:04','2017-06-06 17:10:04'),
	(57,81,1,'2017-06-06 17:10:04','2017-06-06 17:10:04'),
	(58,81,1,'2017-06-06 17:10:04','2017-06-06 17:10:04'),
	(59,81,1,'2017-06-06 17:10:04','2017-06-06 17:10:04'),
	(60,81,1,'2017-06-06 17:10:04','2017-06-06 17:10:04'),
	(61,81,1,'2017-06-06 17:10:04','2017-06-06 17:10:04'),
	(62,81,1,'2017-06-06 17:10:04','2017-06-06 17:10:04'),
	(63,81,1,'2017-06-06 17:10:05','2017-06-06 17:10:05'),
	(64,81,1,'2017-06-06 17:10:05','2017-06-06 17:10:05'),
	(65,81,1,'2017-06-06 17:10:05','2017-06-06 17:10:05'),
	(66,81,1,'2017-06-06 17:10:05','2017-06-06 17:10:05'),
	(67,81,1,'2017-06-06 17:10:05','2017-06-06 17:10:05'),
	(68,81,1,'2017-06-06 17:10:05','2017-06-06 17:10:05'),
	(69,62,2,'2017-06-08 16:06:54','2017-06-08 16:06:54'),
	(70,87,1,'2017-06-08 21:49:39','2017-06-08 21:49:39'),
	(71,86,1,'2017-06-08 21:49:46','2017-06-08 21:49:46'),
	(72,86,1,'2017-06-08 21:50:20','2017-06-08 21:50:20'),
	(73,51,1,'2017-06-08 21:50:33','2017-06-08 21:50:33'),
	(74,50,1,'2017-06-08 21:50:45','2017-06-08 21:50:45'),
	(75,54,1,'2017-06-08 21:50:52','2017-06-08 21:50:52');

/*!40000 ALTER TABLE `client_downloads` ENABLE KEYS */;
UNLOCK TABLES;


# Dump of table client_work
# ------------------------------------------------------------

DROP TABLE IF EXISTS `client_work`;

CREATE TABLE `client_work` (
  `id` int(10) unsigned NOT NULL AUTO_INCREMENT,
  `client_id` int(10) unsigned NOT NULL,
  `work_id` int(10) unsigned NOT NULL,
  `created_at` timestamp NOT NULL DEFAULT '0000-00-00 00:00:00',
  `updated_at` timestamp NOT NULL DEFAULT '0000-00-00 00:00:00',
  PRIMARY KEY (`id`),
  KEY `client_work_client_id_index` (`client_id`),
  KEY `client_work_work_id_index` (`work_id`)
) ENGINE=InnoDB DEFAULT CHARSET=utf8 COLLATE=utf8_unicode_ci;



# Dump of table clients
# ------------------------------------------------------------

DROP TABLE IF EXISTS `clients`;

CREATE TABLE `clients` (
  `id` int(10) unsigned NOT NULL AUTO_INCREMENT,
  `name` varchar(255) COLLATE utf8_unicode_ci NOT NULL COMMENT '机构客户名称',
  `logo` varchar(255) COLLATE utf8_unicode_ci NOT NULL COMMENT 'logo图片',
  `account` varchar(255) COLLATE utf8_unicode_ci NOT NULL COMMENT '账号',
  `password` varchar(255) COLLATE utf8_unicode_ci NOT NULL COMMENT '密码',
  `province` varchar(255) COLLATE utf8_unicode_ci NOT NULL COMMENT '省',
  `type` varchar(255) COLLATE utf8_unicode_ci NOT NULL COMMENT '类型',
  `version` varchar(255) COLLATE utf8_unicode_ci NOT NULL COMMENT '版本',
  `downloads` int(11) NOT NULL COMMENT '单日下载量',
  `start_ip` varchar(255) COLLATE utf8_unicode_ci NOT NULL COMMENT '开始ip',
  `end_ip` varchar(255) COLLATE utf8_unicode_ci NOT NULL COMMENT '结束ip',
  `buy` int(11) NOT NULL COMMENT '是否开启购画车权限',
  `created_at` timestamp NOT NULL DEFAULT '0000-00-00 00:00:00',
  `updated_at` timestamp NOT NULL DEFAULT '0000-00-00 00:00:00',
  PRIMARY KEY (`id`)
) ENGINE=InnoDB DEFAULT CHARSET=utf8 COLLATE=utf8_unicode_ci;

LOCK TABLES `clients` WRITE;
/*!40000 ALTER TABLE `clients` DISABLE KEYS */;

INSERT INTO `clients` (`id`, `name`, `logo`, `account`, `password`, `province`, `type`, `version`, `downloads`, `start_ip`, `end_ip`, `buy`, `created_at`, `updated_at`)
VALUES
	(1,'北京大学','/uploads/client_logo/1497252348wallhaven-6413.jpg','beijingschool','$2y$10$S5PuSdMszi97Py33JRKqpuqaTYBM1SNgMx9K6xEfuh7dhjN3J4AnS','浙江省','公图','试用',3,'2017-06-01','2017-06-24',1,'2017-06-05 09:59:17','2017-06-12 15:35:03'),
	(2,'香港大学','/uploads/client_logo/1497252355wallhaven-6399.jpg','xianggangschool','$2y$10$hAZPD4HnL3SMNtUMFmfHMOZuPgqfSJ/zp92NbFmTMddR.v6REwoQO','北京','本科','正版',1000,'2017-06-01','2017-06-16',1,'2017-06-05 15:18:59','2017-06-12 15:25:55'),
	(3,'测试','/uploads/client_logo/1497249239838ba61ea8d3fd1f5e4f1a92374e251f94ca5fd7.jpg','test12345678','$2y$10$GWR6y9P2Ts2NcgR1GWyFeOLGmmdmhOHMojGj30l.hMmsKEAzGGfYS','北京','本科','正版',1000,'2017-06-10','2017-06-24',1,'2017-06-12 14:34:00','2017-06-12 14:45:24'),
	(4,'testetsttdqd','/uploads/client_logo/1497249972838ba61ea8d3fd1f5e4f1a92374e251f94ca5fd7.jpg','asdasd111565','$2y$10$d.DlYFXyPwh4QpFICbkhZuH12EsRA2DwGlD7Rco.vmMtZHjIm9Kju','北京','本科','正版',1000,'2017-06-01','2017-06-30',1,'2017-06-12 14:46:13','2017-06-12 14:46:13');

/*!40000 ALTER TABLE `clients` ENABLE KEYS */;
UNLOCK TABLES;


# Dump of table downloads
# ------------------------------------------------------------

DROP TABLE IF EXISTS `downloads`;

CREATE TABLE `downloads` (
  `id` int(10) unsigned NOT NULL AUTO_INCREMENT,
  `account` varchar(255) COLLATE utf8_unicode_ci NOT NULL,
  `file` varchar(255) COLLATE utf8_unicode_ci NOT NULL,
  `created_at` timestamp NOT NULL DEFAULT '0000-00-00 00:00:00',
  `updated_at` timestamp NOT NULL DEFAULT '0000-00-00 00:00:00',
  PRIMARY KEY (`id`)
) ENGINE=InnoDB DEFAULT CHARSET=utf8 COLLATE=utf8_unicode_ci;



# Dump of table index_pictures
# ------------------------------------------------------------

DROP TABLE IF EXISTS `index_pictures`;

CREATE TABLE `index_pictures` (
  `id` int(10) unsigned NOT NULL AUTO_INCREMENT,
  `title` varchar(255) COLLATE utf8_unicode_ci NOT NULL,
  `intro` text COLLATE utf8_unicode_ci NOT NULL,
  `cover` varchar(255) COLLATE utf8_unicode_ci NOT NULL,
  `created_at` timestamp NOT NULL DEFAULT '0000-00-00 00:00:00',
  `updated_at` timestamp NOT NULL DEFAULT '0000-00-00 00:00:00',
  PRIMARY KEY (`id`)
) ENGINE=InnoDB DEFAULT CHARSET=utf8 COLLATE=utf8_unicode_ci;

LOCK TABLES `index_pictures` WRITE;
/*!40000 ALTER TABLE `index_pictures` DISABLE KEYS */;

INSERT INTO `index_pictures` (`id`, `title`, `intro`, `cover`, `created_at`, `updated_at`)
VALUES
	(1,'西方油画','在致力于追求纯艺术的现代派画家看来，传统绘画搀杂太多的“非艺术的杂质”。实际上，西方传统绘画并不是不讲艺术，只不过是在讲究艺术性的同时，兼顾着诸多非艺术性的方面。','/uploads/indexpictures/1496390323hm_item1.jpg','2017-06-01 16:55:31','2017-06-02 15:58:43'),
	(2,'中国国画','在致力于追求纯艺术的现代派画家看来，传统绘画搀杂太多的“非艺术的杂质”。实际上，西方传统绘画并不是不讲艺术，只不过是在讲究艺术性的同时，兼顾着诸多非艺术性的方面。','/uploads/indexpictures/1496390332hm_item2.jpg','2017-06-01 16:55:41','2017-06-02 15:58:52'),
	(3,'唐卡壁画','在致力于追求纯艺术的现代派画家看来，传统绘画搀杂太多的“非艺术的杂质”。实际上，西方传统绘画并不是不讲艺术，只不过是在讲究艺术性的同时，兼顾着诸多非艺术性的方面。','/uploads/indexpictures/1496390338hm_item3.jpg','2017-06-01 16:55:50','2017-06-02 15:58:58'),
	(4,'中国书法','在致力于追求纯艺术的现代派画家看来，传统绘画搀杂太多的“非艺术的杂质”。实际上，西方传统绘画并不是不讲艺术，只不过是在讲究艺术性的同时，兼顾着诸多非艺术性的方面。','/uploads/indexpictures/1496390355hm_item5.jpg','2017-06-01 16:56:02','2017-06-02 15:59:15'),
	(5,'印章印谱','在致力于追求纯艺术的现代派画家看来，传统绘画搀杂太多的“非艺术的杂质”。实际上，西方传统绘画并不是不讲艺术，只不过是在讲究艺术性的同时，兼顾着诸多非艺术性的方面。','/uploads/indexpictures/1496390363hm_item6.jpg','2017-06-01 16:56:19','2017-06-02 15:59:23'),
	(6,'碑帖古籍','在致力于追求纯艺术的现代派画家看来，传统绘画搀杂太多的“非艺术的杂质”。实际上，西方传统绘画并不是不讲艺术，只不过是在讲究艺术性的同时，兼顾着诸多非艺术性的方面。','/uploads/indexpictures/1496390372hm_item7.jpg','2017-06-01 16:56:36','2017-06-02 15:59:32'),
	(7,'日本版画','在致力于追求纯艺术的现代派画家看来，传统绘画搀杂太多的“非艺术的杂质”。实际上，西方传统绘画并不是不讲艺术，只不过是在讲究艺术性的同时，兼顾着诸多非艺术性的方面。','/uploads/indexpictures/1496390381hm_item8.jpg','2017-06-01 16:56:58','2017-06-02 15:59:41');

/*!40000 ALTER TABLE `index_pictures` ENABLE KEYS */;
UNLOCK TABLES;


# Dump of table member_carts
# ------------------------------------------------------------

DROP TABLE IF EXISTS `member_carts`;

CREATE TABLE `member_carts` (
  `id` int(10) unsigned NOT NULL AUTO_INCREMENT,
  `member_id` int(11) NOT NULL,
  `work_id` int(11) NOT NULL,
  `num` int(11) NOT NULL DEFAULT '0',
  `created_at` timestamp NOT NULL DEFAULT '0000-00-00 00:00:00',
  `updated_at` timestamp NOT NULL DEFAULT '0000-00-00 00:00:00',
  PRIMARY KEY (`id`)
) ENGINE=InnoDB DEFAULT CHARSET=utf8 COLLATE=utf8_unicode_ci;



# Dump of table member_downloads
# ------------------------------------------------------------

DROP TABLE IF EXISTS `member_downloads`;

CREATE TABLE `member_downloads` (
  `id` int(10) unsigned NOT NULL AUTO_INCREMENT,
  `member_id` int(11) NOT NULL,
  `work_id` int(11) NOT NULL,
  `created_at` timestamp NOT NULL DEFAULT '0000-00-00 00:00:00',
  `updated_at` timestamp NOT NULL DEFAULT '0000-00-00 00:00:00',
  PRIMARY KEY (`id`)
) ENGINE=InnoDB DEFAULT CHARSET=utf8 COLLATE=utf8_unicode_ci;



# Dump of table member_work
# ------------------------------------------------------------

DROP TABLE IF EXISTS `member_work`;

CREATE TABLE `member_work` (
  `id` int(10) unsigned NOT NULL AUTO_INCREMENT,
  `member_id` int(10) unsigned NOT NULL,
  `work_id` int(10) unsigned NOT NULL,
  `created_at` timestamp NOT NULL DEFAULT '0000-00-00 00:00:00',
  `updated_at` timestamp NOT NULL DEFAULT '0000-00-00 00:00:00',
  PRIMARY KEY (`id`),
  KEY `member_work_member_id_index` (`member_id`),
  KEY `member_work_work_id_index` (`work_id`)
) ENGINE=InnoDB DEFAULT CHARSET=utf8 COLLATE=utf8_unicode_ci;

LOCK TABLES `member_work` WRITE;
/*!40000 ALTER TABLE `member_work` DISABLE KEYS */;

INSERT INTO `member_work` (`id`, `member_id`, `work_id`, `created_at`, `updated_at`)
VALUES
	(1,1,77,'2017-06-06 11:06:07','2017-06-06 11:06:07'),
	(2,1,74,'2017-06-06 11:06:09','2017-06-06 11:06:09');

/*!40000 ALTER TABLE `member_work` ENABLE KEYS */;
UNLOCK TABLES;


# Dump of table members
# ------------------------------------------------------------

DROP TABLE IF EXISTS `members`;

CREATE TABLE `members` (
  `id` int(10) unsigned NOT NULL AUTO_INCREMENT,
  `account` varchar(255) COLLATE utf8_unicode_ci NOT NULL,
  `password` varchar(255) COLLATE utf8_unicode_ci NOT NULL,
  `email` varchar(255) COLLATE utf8_unicode_ci NOT NULL,
  `client_id` int(11) NOT NULL,
  `created_at` timestamp NOT NULL DEFAULT '0000-00-00 00:00:00',
  `updated_at` timestamp NOT NULL DEFAULT '0000-00-00 00:00:00',
  PRIMARY KEY (`id`),
  UNIQUE KEY `members_email_unique` (`email`)
) ENGINE=InnoDB DEFAULT CHARSET=utf8 COLLATE=utf8_unicode_ci;

LOCK TABLES `members` WRITE;
/*!40000 ALTER TABLE `members` DISABLE KEYS */;

INSERT INTO `members` (`id`, `account`, `password`, `email`, `client_id`, `created_at`, `updated_at`)
VALUES
	(1,'zhangsan','$2y$10$go44uB2qFiSH3h5RV7ykKuLqYzM.WZdRmfo1xDQtcHwfpwHnc5dsa','zhangsan@qq.com',1,'2017-06-05 11:15:48','2017-06-05 16:08:21');

/*!40000 ALTER TABLE `members` ENABLE KEYS */;
UNLOCK TABLES;


# Dump of table migrations
# ------------------------------------------------------------

DROP TABLE IF EXISTS `migrations`;

CREATE TABLE `migrations` (
  `migration` varchar(255) COLLATE utf8_unicode_ci NOT NULL,
  `batch` int(11) NOT NULL
) ENGINE=InnoDB DEFAULT CHARSET=utf8 COLLATE=utf8_unicode_ci;

LOCK TABLES `migrations` WRITE;
/*!40000 ALTER TABLE `migrations` DISABLE KEYS */;

INSERT INTO `migrations` (`migration`, `batch`)
VALUES
	('2014_10_12_000000_create_users_table',1),
	('2014_10_12_100000_create_password_resets_table',1),
	('2015_01_15_105324_create_roles_table',2),
	('2015_01_15_114412_create_role_user_table',2),
	('2015_01_26_115212_create_permissions_table',2),
	('2015_01_26_115523_create_permission_role_table',2),
	('2015_02_09_132439_create_permission_user_table',2),
	('2017_05_03_163643_create_banners_table',3),
	('2017_05_07_163423_create_work_types_table',4),
	('2017_05_07_163437_create_work_dates_table',4),
	('2017_05_07_174306_create_authors_table',4),
	('2017_05_08_165830_create_clients_table',4),
	('2017_05_09_165923_create_works_table',4),
	('2017_05_11_170447_create_work_and_work_dates_table',4),
	('2017_05_16_181641_create_pages_table',4),
	('2017_05_20_165607_create_real_ips_table',4),
	('2017_05_24_104122_create_members_table',5),
	('2017_05_24_165403_create_member_work_table',6),
	('2017_05_24_171359_create_client_work_table',7),
	('2017_05_24_171658_create_client_downloads_table',8),
	('2017_05_24_171705_create_member_downloads_table',8),
	('2017_05_26_150925_create_client_carts_table',9),
	('2017_05_26_150937_create_member_carts_table',9),
	('2017_05_26_174253_create_downloads_table',10),
	('2017_06_01_161913_create_index_pictures_table',11),
	('2017_06_05_143700_create_oauths_table',12),
	('2017_06_05_145620_create_modules_table',13),
	('2017_06_05_161721_create_click_records_table',14),
	('2017_06_06_112513_create_shop_cart_records_table',15),
	('2017_06_06_174251_create_problems_table',16);

/*!40000 ALTER TABLE `migrations` ENABLE KEYS */;
UNLOCK TABLES;


# Dump of table modules
# ------------------------------------------------------------

DROP TABLE IF EXISTS `modules`;

CREATE TABLE `modules` (
  `id` int(10) unsigned NOT NULL AUTO_INCREMENT,
  `name` varchar(255) COLLATE utf8_unicode_ci NOT NULL,
  `created_at` timestamp NOT NULL DEFAULT '0000-00-00 00:00:00',
  `updated_at` timestamp NOT NULL DEFAULT '0000-00-00 00:00:00',
  PRIMARY KEY (`id`)
) ENGINE=InnoDB DEFAULT CHARSET=utf8 COLLATE=utf8_unicode_ci;

LOCK TABLES `modules` WRITE;
/*!40000 ALTER TABLE `modules` DISABLE KEYS */;

INSERT INTO `modules` (`id`, `name`, `created_at`, `updated_at`)
VALUES
	(1,'首页','2017-06-05 15:07:03','2017-06-05 15:08:16'),
	(3,'西方油画','2017-06-05 15:08:05','2017-06-05 15:08:25'),
	(4,'中国国画','2017-06-05 15:08:38','2017-06-05 15:08:38'),
	(5,'唐卡壁画','2017-06-05 15:08:45','2017-06-05 15:08:45'),
	(6,'中国书法','2017-06-05 15:08:54','2017-06-05 15:08:54'),
	(7,'印章印谱','2017-06-05 15:09:03','2017-06-05 15:09:03'),
	(8,'碑帖古籍','2017-06-05 15:09:09','2017-06-05 15:09:09'),
	(9,'日本版画','2017-06-05 15:09:19','2017-06-05 15:09:19'),
	(10,'艺术家','2017-06-05 15:09:25','2017-06-05 15:09:25');

/*!40000 ALTER TABLE `modules` ENABLE KEYS */;
UNLOCK TABLES;


# Dump of table oauths
# ------------------------------------------------------------

DROP TABLE IF EXISTS `oauths`;

CREATE TABLE `oauths` (
  `id` int(10) unsigned NOT NULL AUTO_INCREMENT,
  `client_id` int(11) NOT NULL,
  `module_id` int(11) NOT NULL,
  `created_at` timestamp NOT NULL DEFAULT '0000-00-00 00:00:00',
  `updated_at` timestamp NOT NULL DEFAULT '0000-00-00 00:00:00',
  PRIMARY KEY (`id`)
) ENGINE=InnoDB DEFAULT CHARSET=utf8 COLLATE=utf8_unicode_ci;

LOCK TABLES `oauths` WRITE;
/*!40000 ALTER TABLE `oauths` DISABLE KEYS */;

INSERT INTO `oauths` (`id`, `client_id`, `module_id`, `created_at`, `updated_at`)
VALUES
	(145,3,1,'2017-06-12 14:45:24','2017-06-12 14:45:24'),
	(146,3,3,'2017-06-12 14:45:24','2017-06-12 14:45:24'),
	(147,3,4,'2017-06-12 14:45:24','2017-06-12 14:45:24'),
	(148,3,5,'2017-06-12 14:45:24','2017-06-12 14:45:24'),
	(149,3,6,'2017-06-12 14:45:24','2017-06-12 14:45:24'),
	(150,3,7,'2017-06-12 14:45:24','2017-06-12 14:45:24'),
	(151,3,8,'2017-06-12 14:45:24','2017-06-12 14:45:24'),
	(152,3,9,'2017-06-12 14:45:24','2017-06-12 14:45:24'),
	(153,3,10,'2017-06-12 14:45:24','2017-06-12 14:45:24'),
	(154,4,1,'2017-06-12 14:46:13','2017-06-12 14:46:13'),
	(155,4,4,'2017-06-12 14:46:13','2017-06-12 14:46:13'),
	(156,4,5,'2017-06-12 14:46:13','2017-06-12 14:46:13'),
	(157,4,6,'2017-06-12 14:46:13','2017-06-12 14:46:13'),
	(158,4,7,'2017-06-12 14:46:13','2017-06-12 14:46:13'),
	(159,4,8,'2017-06-12 14:46:13','2017-06-12 14:46:13'),
	(160,4,9,'2017-06-12 14:46:13','2017-06-12 14:46:13'),
	(161,4,10,'2017-06-12 14:46:13','2017-06-12 14:46:13'),
	(174,2,1,'2017-06-12 15:25:55','2017-06-12 15:25:55'),
	(175,2,3,'2017-06-12 15:25:55','2017-06-12 15:25:55'),
	(176,2,4,'2017-06-12 15:25:55','2017-06-12 15:25:55'),
	(177,2,5,'2017-06-12 15:25:55','2017-06-12 15:25:55'),
	(178,2,6,'2017-06-12 15:25:55','2017-06-12 15:25:55'),
	(179,2,7,'2017-06-12 15:25:55','2017-06-12 15:25:55'),
	(180,2,8,'2017-06-12 15:25:55','2017-06-12 15:25:55'),
	(181,2,9,'2017-06-12 15:25:55','2017-06-12 15:25:55'),
	(182,2,10,'2017-06-12 15:25:55','2017-06-12 15:25:55'),
	(183,1,4,'2017-06-12 15:35:03','2017-06-12 15:35:03'),
	(184,1,7,'2017-06-12 15:35:03','2017-06-12 15:35:03'),
	(185,1,9,'2017-06-12 15:35:03','2017-06-12 15:35:03'),
	(186,1,10,'2017-06-12 15:35:03','2017-06-12 15:35:03');

/*!40000 ALTER TABLE `oauths` ENABLE KEYS */;
UNLOCK TABLES;


# Dump of table pages
# ------------------------------------------------------------

DROP TABLE IF EXISTS `pages`;

CREATE TABLE `pages` (
  `id` int(10) unsigned NOT NULL AUTO_INCREMENT,
  `title` varchar(255) COLLATE utf8_unicode_ci NOT NULL,
  `body` text COLLATE utf8_unicode_ci NOT NULL,
  `created_at` timestamp NOT NULL DEFAULT '0000-00-00 00:00:00',
  `updated_at` timestamp NOT NULL DEFAULT '0000-00-00 00:00:00',
  PRIMARY KEY (`id`)
) ENGINE=InnoDB DEFAULT CHARSET=utf8 COLLATE=utf8_unicode_ci;

LOCK TABLES `pages` WRITE;
/*!40000 ALTER TABLE `pages` DISABLE KEYS */;

INSERT INTO `pages` (`id`, `title`, `body`, `created_at`, `updated_at`)
VALUES
	(1,'关于我们','<p><img src=\"/uploads/wangEditorH5File/14963901499747669549750531.jpg\" alt=\"ab_photo\" style=\"max-width:100%;\"><br></p><p><br></p><dl><dt><font size=\"6\" color=\"#ff0000\">北京盛世奇才科技有限公司</font></dt><dt><font size=\"6\" color=\"#ff0000\"><br></font></dt><dd><font color=\"#ff0000\" size=\"5\">Beijing Songs Of Wizards Technology Co.,Ltd</font></dd><dd><font color=\"#ff0000\" size=\"5\"><br></font></dd></dl><p>北京盛世奇才科技有限公司是一家专注于中国在线教育事业的专业化网络视频资源公司。公司成立伊始，一直从事于高教、高职、中职、公图、社区、广电等相关领域网络教育内容研发和渠道推广工作，不断加强自身产品开发能力、完善技术储备与应用、拓展与各渠道的无缝连接。</p><p><br></p>','2017-06-02 15:54:23','2017-06-02 15:56:32'),
	(2,'免责声明','<p><img src=\"/uploads/wangEditorH5File/14963901499747669549750531.jpg\" alt=\"ab_photo\" style=\"max-width:100%;\"><br></p><p><br></p><dl><dt><font size=\"6\" color=\"#ff0000\">北京盛世奇才科技有限公司</font></dt><dt><font size=\"6\" color=\"#ff0000\"><br></font></dt><dd><font color=\"#ff0000\" size=\"5\">Beijing Songs Of Wizards Technology Co.,Ltd</font></dd><dd><font color=\"#ff0000\" size=\"5\"><br></font></dd></dl><p>北京盛世奇才科技有限公司是一家专注于中国在线教育事业的专业化网络视频资源公司。公司成立伊始，一直从事于高教、高职、中职、公图、社区、广电等相关领域网络教育内容研发和渠道推广工作，不断加强自身产品开发能力、完善技术储备与应用、拓展与各渠道的无缝连接。</p><p><br></p>','2017-06-02 15:54:44','2017-06-02 15:56:38'),
	(3,'联系我们','<p><img src=\"/uploads/wangEditorH5File/14963901499747669549750531.jpg\" alt=\"ab_photo\" style=\"max-width:100%;\"><br></p><p><br></p><dl><dt><font size=\"6\" color=\"#ff0000\">北京盛世奇才科技有限公司</font></dt><dt><font size=\"6\" color=\"#ff0000\"><br></font></dt><dd><font color=\"#ff0000\" size=\"5\">Beijing Songs Of Wizards Technology Co.,Ltd</font></dd><dd><font color=\"#ff0000\" size=\"5\"><br></font></dd></dl><p>北京盛世奇才科技有限公司是一家专注于中国在线教育事业的专业化网络视频资源公司。公司成立伊始，一直从事于高教、高职、中职、公图、社区、广电等相关领域网络教育内容研发和渠道推广工作，不断加强自身产品开发能力、完善技术储备与应用、拓展与各渠道的无缝连接。</p><p><br></p>','2017-06-02 15:54:57','2017-06-02 15:56:44'),
	(4,'商务合作','<p><img src=\"/uploads/wangEditorH5File/14963901499747669549750531.jpg\" alt=\"ab_photo\" style=\"max-width:100%;\"><br></p><p><br></p><dl><dt><font size=\"6\" color=\"#ff0000\">北京盛世奇才科技有限公司</font></dt><dt><font size=\"6\" color=\"#ff0000\"><br></font></dt><dd><font color=\"#ff0000\" size=\"5\">Beijing Songs Of Wizards Technology Co.,Ltd</font></dd><dd><font color=\"#ff0000\" size=\"5\"><br></font></dd></dl><p>北京盛世奇才科技有限公司是一家专注于中国在线教育事业的专业化网络视频资源公司。公司成立伊始，一直从事于高教、高职、中职、公图、社区、广电等相关领域网络教育内容研发和渠道推广工作，不断加强自身产品开发能力、完善技术储备与应用、拓展与各渠道的无缝连接。</p><p><br></p>','2017-06-02 15:55:07','2017-06-02 15:56:51');

/*!40000 ALTER TABLE `pages` ENABLE KEYS */;
UNLOCK TABLES;


# Dump of table password_resets
# ------------------------------------------------------------

DROP TABLE IF EXISTS `password_resets`;

CREATE TABLE `password_resets` (
  `email` varchar(255) COLLATE utf8_unicode_ci NOT NULL,
  `token` varchar(255) COLLATE utf8_unicode_ci NOT NULL,
  `created_at` timestamp NOT NULL DEFAULT '0000-00-00 00:00:00',
  KEY `password_resets_email_index` (`email`),
  KEY `password_resets_token_index` (`token`)
) ENGINE=InnoDB DEFAULT CHARSET=utf8 COLLATE=utf8_unicode_ci;



# Dump of table permission_role
# ------------------------------------------------------------

DROP TABLE IF EXISTS `permission_role`;

CREATE TABLE `permission_role` (
  `id` int(10) unsigned NOT NULL AUTO_INCREMENT,
  `permission_id` int(10) unsigned NOT NULL,
  `role_id` int(10) unsigned NOT NULL,
  `created_at` timestamp NOT NULL DEFAULT '0000-00-00 00:00:00',
  `updated_at` timestamp NOT NULL DEFAULT '0000-00-00 00:00:00',
  PRIMARY KEY (`id`),
  KEY `permission_role_permission_id_index` (`permission_id`),
  KEY `permission_role_role_id_index` (`role_id`),
  CONSTRAINT `permission_role_permission_id_foreign` FOREIGN KEY (`permission_id`) REFERENCES `permissions` (`id`) ON DELETE CASCADE,
  CONSTRAINT `permission_role_role_id_foreign` FOREIGN KEY (`role_id`) REFERENCES `roles` (`id`) ON DELETE CASCADE
) ENGINE=InnoDB DEFAULT CHARSET=utf8 COLLATE=utf8_unicode_ci;



# Dump of table permission_user
# ------------------------------------------------------------

DROP TABLE IF EXISTS `permission_user`;

CREATE TABLE `permission_user` (
  `id` int(10) unsigned NOT NULL AUTO_INCREMENT,
  `permission_id` int(10) unsigned NOT NULL,
  `user_id` int(10) unsigned NOT NULL,
  `created_at` timestamp NOT NULL DEFAULT '0000-00-00 00:00:00',
  `updated_at` timestamp NOT NULL DEFAULT '0000-00-00 00:00:00',
  PRIMARY KEY (`id`),
  KEY `permission_user_permission_id_index` (`permission_id`),
  KEY `permission_user_user_id_index` (`user_id`),
  CONSTRAINT `permission_user_permission_id_foreign` FOREIGN KEY (`permission_id`) REFERENCES `permissions` (`id`) ON DELETE CASCADE,
  CONSTRAINT `permission_user_user_id_foreign` FOREIGN KEY (`user_id`) REFERENCES `users` (`id`) ON DELETE CASCADE
) ENGINE=InnoDB DEFAULT CHARSET=utf8 COLLATE=utf8_unicode_ci;

LOCK TABLES `permission_user` WRITE;
/*!40000 ALTER TABLE `permission_user` DISABLE KEYS */;

INSERT INTO `permission_user` (`id`, `permission_id`, `user_id`, `created_at`, `updated_at`)
VALUES
	(310,2,5,'2017-06-08 15:19:55','2017-06-08 15:19:55'),
	(311,3,5,'2017-06-08 15:19:55','2017-06-08 15:19:55'),
	(312,4,5,'2017-06-08 15:19:55','2017-06-08 15:19:55'),
	(313,5,5,'2017-06-08 15:19:55','2017-06-08 15:19:55'),
	(314,6,5,'2017-06-08 15:19:55','2017-06-08 15:19:55'),
	(315,7,5,'2017-06-08 15:19:55','2017-06-08 15:19:55'),
	(316,8,5,'2017-06-08 15:19:55','2017-06-08 15:19:55'),
	(317,9,5,'2017-06-08 15:19:55','2017-06-08 15:19:55'),
	(318,10,5,'2017-06-08 15:19:55','2017-06-08 15:19:55'),
	(319,11,5,'2017-06-08 15:19:55','2017-06-08 15:19:55'),
	(320,12,5,'2017-06-08 15:19:55','2017-06-08 15:19:55'),
	(321,13,5,'2017-06-08 15:19:55','2017-06-08 15:19:55'),
	(322,14,5,'2017-06-08 15:19:55','2017-06-08 15:19:55'),
	(323,15,5,'2017-06-08 15:19:55','2017-06-08 15:19:55'),
	(324,16,5,'2017-06-08 15:19:55','2017-06-08 15:19:55'),
	(325,17,5,'2017-06-08 15:19:55','2017-06-08 15:19:55'),
	(326,18,5,'2017-06-08 15:19:55','2017-06-08 15:19:55'),
	(327,19,5,'2017-06-08 15:19:55','2017-06-08 15:19:55'),
	(328,20,5,'2017-06-08 15:19:55','2017-06-08 15:19:55'),
	(329,21,5,'2017-06-08 15:19:55','2017-06-08 15:19:55'),
	(330,22,5,'2017-06-08 15:19:55','2017-06-08 15:19:55'),
	(331,23,5,'2017-06-08 15:19:55','2017-06-08 15:19:55'),
	(332,24,5,'2017-06-08 15:19:55','2017-06-08 15:19:55'),
	(333,25,5,'2017-06-08 15:19:55','2017-06-08 15:19:55'),
	(334,26,5,'2017-06-08 15:19:55','2017-06-08 15:19:55'),
	(335,27,5,'2017-06-08 15:19:55','2017-06-08 15:19:55'),
	(336,28,5,'2017-06-08 15:19:55','2017-06-08 15:19:55'),
	(337,29,5,'2017-06-08 15:19:55','2017-06-08 15:19:55'),
	(338,30,5,'2017-06-08 15:19:55','2017-06-08 15:19:55');

/*!40000 ALTER TABLE `permission_user` ENABLE KEYS */;
UNLOCK TABLES;


# Dump of table permissions
# ------------------------------------------------------------

DROP TABLE IF EXISTS `permissions`;

CREATE TABLE `permissions` (
  `id` int(10) unsigned NOT NULL AUTO_INCREMENT,
  `name` varchar(255) COLLATE utf8_unicode_ci NOT NULL,
  `slug` varchar(255) COLLATE utf8_unicode_ci NOT NULL,
  `description` varchar(255) COLLATE utf8_unicode_ci DEFAULT NULL,
  `model` varchar(255) COLLATE utf8_unicode_ci DEFAULT NULL,
  `created_at` timestamp NOT NULL DEFAULT '0000-00-00 00:00:00',
  `updated_at` timestamp NOT NULL DEFAULT '0000-00-00 00:00:00',
  PRIMARY KEY (`id`),
  UNIQUE KEY `permissions_slug_unique` (`slug`)
) ENGINE=InnoDB DEFAULT CHARSET=utf8 COLLATE=utf8_unicode_ci;

LOCK TABLES `permissions` WRITE;
/*!40000 ALTER TABLE `permissions` DISABLE KEYS */;

INSERT INTO `permissions` (`id`, `name`, `slug`, `description`, `model`, `created_at`, `updated_at`)
VALUES
	(2,'后台_首页','admin.index','进入后台首页',NULL,'2017-05-06 16:24:00','2017-05-06 16:27:47'),
	(3,'后台_轮播图_首页','admin.banner','进入轮播图首页',NULL,'2017-05-06 16:24:43','2017-05-06 16:27:42'),
	(4,'后台_轮播图_添加栏目','admin.banner.createcat','添加轮播图栏目',NULL,'2017-05-06 16:25:24','2017-05-06 16:27:34'),
	(5,'后台_轮播图_编辑栏目','admin.banner.editcat','编辑轮播图栏目',NULL,'2017-05-06 16:27:22','2017-05-06 16:27:22'),
	(6,'后台_轮播图_删除栏目','admin.banner.destroycat','删除轮播图栏目',NULL,'2017-05-06 16:28:23','2017-05-06 16:28:23'),
	(7,'后台_轮播图_查看栏目内容','admin.banner.show','查看轮播图栏目内容',NULL,'2017-05-06 16:29:19','2017-05-06 16:29:19'),
	(8,'后台_轮播图_添加轮播图','admin.banner.create','添加轮播图',NULL,'2017-05-06 16:29:47','2017-05-06 16:29:47'),
	(9,'后台_轮播图_编辑轮播图','admin.banner.edit','编辑轮播图',NULL,'2017-05-06 16:30:15','2017-05-06 16:30:15'),
	(10,'后台_轮播图_删除轮播图','admin.banner.destroy','删除轮播图',NULL,'2017-05-06 16:32:41','2017-05-06 16:32:41'),
	(11,'后台_权限设置_首页','admin.permission.index','后台权限设置首页',NULL,'2017-05-06 16:33:15','2017-05-06 16:33:15'),
	(12,'后台_权限设置_添加权限','admin.permission.create','添加权限',NULL,'2017-05-06 16:33:40','2017-05-06 16:33:40'),
	(13,'后台_权限设置_编辑权限','admin.permission.edit','编辑权限',NULL,'2017-05-06 16:34:23','2017-05-06 16:34:23'),
	(14,'后台_权限设置_删除权限','admin.permission.destroy','删除权限',NULL,'2017-05-06 16:34:48','2017-05-06 16:34:48'),
	(15,'后台_管理员设置_首页','admin.admin.index','管理员设置首页',NULL,'2017-05-06 18:26:14','2017-05-06 18:26:14'),
	(16,'后台_作者管理_首页','admin.author.index','作者管理首页',NULL,'2017-05-08 13:01:20','2017-05-08 13:01:20'),
	(17,'后台_作者管理_添加','admin.author.create','添加作者',NULL,'2017-05-08 13:01:43','2017-05-08 13:01:43'),
	(18,'后台_作者管理_编辑','admin.author.edit','编辑作者',NULL,'2017-05-08 13:02:09','2017-05-08 13:02:09'),
	(19,'后台_作者管理_删除','admin.author.destroy','删除作者',NULL,'2017-05-08 13:02:33','2017-05-08 13:02:33'),
	(20,'后台_作品分类/时期_首页','admin.workdate.index','作品分类/时期首页',NULL,'2017-05-08 13:03:13','2017-05-08 13:03:13'),
	(21,'后台_作品分类/时期_添加','admin.workdate.create','添加作品分类/时期',NULL,'2017-05-08 13:03:37','2017-05-08 13:03:37'),
	(22,'后台_作品分类/时期_编辑','admin.workdate.edit','编辑作品分类/时期',NULL,'2017-05-08 13:03:58','2017-05-08 13:03:58'),
	(23,'后台_作品分类/时期_删除','admin.workdate.destroy','删除作品分类/时期',NULL,'2017-05-08 13:04:19','2017-05-08 13:04:19'),
	(24,'后台_作品类型_首页','admin.worktype.index','作品类型首页',NULL,'2017-05-08 13:04:47','2017-05-08 13:04:47'),
	(25,'后台_作品类型_添加','admin.worktype.create','添加作品类型',NULL,'2017-05-08 13:05:14','2017-05-08 13:05:14'),
	(26,'后台_作品类型_编辑','admin.worktype.edit','编辑作品类型',NULL,'2017-05-08 13:05:34','2017-05-08 13:05:34'),
	(27,'后台_作品类型_删除','admin.worktype.destroy','删除作品类型',NULL,'2017-05-08 13:05:55','2017-05-08 13:05:55'),
	(28,'后台_管理员_添加','admin.admin.create','添加管理员',NULL,'2017-05-08 13:06:53','2017-05-08 13:06:53'),
	(29,'后台_管理员_编辑','admin.admin.edit','编辑管理员',NULL,'2017-05-08 13:07:16','2017-05-08 13:07:16'),
	(30,'后台_管理员_删除','admin.admin.destroy','删除管理员',NULL,'2017-05-08 13:07:39','2017-05-08 13:07:39');

/*!40000 ALTER TABLE `permissions` ENABLE KEYS */;
UNLOCK TABLES;


# Dump of table problems
# ------------------------------------------------------------

DROP TABLE IF EXISTS `problems`;

CREATE TABLE `problems` (
  `id` int(10) unsigned NOT NULL AUTO_INCREMENT,
  `title` varchar(255) COLLATE utf8_unicode_ci NOT NULL COMMENT '问题标题',
  `body` text COLLATE utf8_unicode_ci NOT NULL COMMENT '问题内容',
  `ip` varchar(255) COLLATE utf8_unicode_ci NOT NULL COMMENT 'ip',
  `created_at` timestamp NOT NULL DEFAULT '0000-00-00 00:00:00',
  `updated_at` timestamp NOT NULL DEFAULT '0000-00-00 00:00:00',
  PRIMARY KEY (`id`)
) ENGINE=InnoDB DEFAULT CHARSET=utf8 COLLATE=utf8_unicode_ci;

LOCK TABLES `problems` WRITE;
/*!40000 ALTER TABLE `problems` DISABLE KEYS */;

INSERT INTO `problems` (`id`, `title`, `body`, `ip`, `created_at`, `updated_at`)
VALUES
	(3,'你好,我有一点意见','你好,我有一点意见','::1','2017-06-08 16:03:58','2017-06-08 16:03:58'),
	(4,'有个问题','有个问题有个问题有个问题有个问题有个问题有个问题有个问题有个问题有个问题有个问题有个问题有个问题有个问题有个问题有个问题有个问题有个问题有个问题有个问题有个问题有个问题有个问题有个问题有个问题有个问题有个问题有个问题有个问题有个问题有个问题有个问题有个问题有个问题有个问题有个问题有个问题有个问题有个问题有个问题有个问题有个问题有个问题有个问题有个问题有个问题有个问题有个问题有个问题有个问题有个问题有个问题有个问题有个问题有个问题有个问题有个问题有个问题有个问题有个问题','1.203.190.179','2017-06-08 21:43:32','2017-06-08 21:43:32'),
	(5,'哈哈哈哈哈','','1.203.190.179','2017-06-08 21:43:50','2017-06-08 21:43:50'),
	(6,'哈哈哈哈','','1.203.190.179','2017-06-08 21:44:01','2017-06-08 21:44:01'),
	(7,'哈哈哈哈','哈哈哈哈哈哈\n哈哈哈哈','1.203.190.179','2017-06-08 21:44:13','2017-06-08 21:44:13'),
	(8,'好好好好','','1.203.190.179','2017-06-08 21:45:15','2017-06-08 21:45:15');

/*!40000 ALTER TABLE `problems` ENABLE KEYS */;
UNLOCK TABLES;


# Dump of table real_ips
# ------------------------------------------------------------

DROP TABLE IF EXISTS `real_ips`;

CREATE TABLE `real_ips` (
  `id` int(10) unsigned NOT NULL AUTO_INCREMENT,
  `ip` varchar(255) COLLATE utf8_unicode_ci NOT NULL,
  `client_id` int(11) NOT NULL,
  `created_at` timestamp NOT NULL DEFAULT '0000-00-00 00:00:00',
  `updated_at` timestamp NOT NULL DEFAULT '0000-00-00 00:00:00',
  PRIMARY KEY (`id`)
) ENGINE=InnoDB DEFAULT CHARSET=utf8 COLLATE=utf8_unicode_ci;

LOCK TABLES `real_ips` WRITE;
/*!40000 ALTER TABLE `real_ips` DISABLE KEYS */;

INSERT INTO `real_ips` (`id`, `ip`, `client_id`, `created_at`, `updated_at`)
VALUES
	(30,'192.168.1.0-192.168.1.255',3,'2017-06-12 14:45:24','2017-06-12 14:45:24'),
	(31,'192.168.0.1-192.168.0.10',4,'2017-06-12 14:46:13','2017-06-12 14:46:13'),
	(35,'192.168.1.0-132.84.12.145',2,'2017-06-12 15:25:55','2017-06-12 15:25:55'),
	(36,'192.168.0.1-192.168.0.255',1,'2017-06-12 15:35:03','2017-06-12 15:35:03');

/*!40000 ALTER TABLE `real_ips` ENABLE KEYS */;
UNLOCK TABLES;


# Dump of table role_user
# ------------------------------------------------------------

DROP TABLE IF EXISTS `role_user`;

CREATE TABLE `role_user` (
  `id` int(10) unsigned NOT NULL AUTO_INCREMENT,
  `role_id` int(10) unsigned NOT NULL,
  `user_id` int(10) unsigned NOT NULL,
  `created_at` timestamp NOT NULL DEFAULT '0000-00-00 00:00:00',
  `updated_at` timestamp NOT NULL DEFAULT '0000-00-00 00:00:00',
  PRIMARY KEY (`id`),
  KEY `role_user_role_id_index` (`role_id`),
  KEY `role_user_user_id_index` (`user_id`),
  CONSTRAINT `role_user_role_id_foreign` FOREIGN KEY (`role_id`) REFERENCES `roles` (`id`) ON DELETE CASCADE,
  CONSTRAINT `role_user_user_id_foreign` FOREIGN KEY (`user_id`) REFERENCES `users` (`id`) ON DELETE CASCADE
) ENGINE=InnoDB DEFAULT CHARSET=utf8 COLLATE=utf8_unicode_ci;



# Dump of table roles
# ------------------------------------------------------------

DROP TABLE IF EXISTS `roles`;

CREATE TABLE `roles` (
  `id` int(10) unsigned NOT NULL AUTO_INCREMENT,
  `name` varchar(255) COLLATE utf8_unicode_ci NOT NULL,
  `slug` varchar(255) COLLATE utf8_unicode_ci NOT NULL,
  `description` varchar(255) COLLATE utf8_unicode_ci DEFAULT NULL,
  `level` int(11) NOT NULL DEFAULT '1',
  `created_at` timestamp NOT NULL DEFAULT '0000-00-00 00:00:00',
  `updated_at` timestamp NOT NULL DEFAULT '0000-00-00 00:00:00',
  PRIMARY KEY (`id`),
  UNIQUE KEY `roles_slug_unique` (`slug`)
) ENGINE=InnoDB DEFAULT CHARSET=utf8 COLLATE=utf8_unicode_ci;



# Dump of table shop_cart_records
# ------------------------------------------------------------

DROP TABLE IF EXISTS `shop_cart_records`;

CREATE TABLE `shop_cart_records` (
  `id` int(10) unsigned NOT NULL AUTO_INCREMENT,
  `client_id` int(11) NOT NULL,
  `file_path` varchar(255) COLLATE utf8_unicode_ci NOT NULL,
  `created_at` timestamp NOT NULL DEFAULT '0000-00-00 00:00:00',
  `updated_at` timestamp NOT NULL DEFAULT '0000-00-00 00:00:00',
  PRIMARY KEY (`id`)
) ENGINE=InnoDB DEFAULT CHARSET=utf8 COLLATE=utf8_unicode_ci;

LOCK TABLES `shop_cart_records` WRITE;
/*!40000 ALTER TABLE `shop_cart_records` DISABLE KEYS */;

INSERT INTO `shop_cart_records` (`id`, `client_id`, `file_path`, `created_at`, `updated_at`)
VALUES
	(6,2,'/uploads/xls/购画车1496911505.xls','2017-06-08 16:45:05','2017-06-08 16:45:05'),
	(7,2,'/uploads/xls/购画车1496911505.xls','2017-06-08 16:45:05','2017-06-08 16:45:05'),
	(8,2,'/uploads/xls/购画车1496912922.xls','2017-06-08 17:08:42','2017-06-08 17:08:42'),
	(9,2,'/uploads/xls/购画车1496912933.xls','2017-06-08 17:08:53','2017-06-08 17:08:53'),
	(10,2,'/uploads/xls/购画车1496912959.xls','2017-06-08 17:09:19','2017-06-08 17:09:19'),
	(11,2,'/uploads/xls/购画车1496912981.xls','2017-06-08 17:09:41','2017-06-08 17:09:41'),
	(12,2,'/uploads/xls/购画车1496913049.xls','2017-06-08 17:10:49','2017-06-08 17:10:49'),
	(13,1,'/uploads/xls/购画车1496931110.xls','2017-06-08 22:11:50','2017-06-08 22:11:50');

/*!40000 ALTER TABLE `shop_cart_records` ENABLE KEYS */;
UNLOCK TABLES;


# Dump of table users
# ------------------------------------------------------------

DROP TABLE IF EXISTS `users`;

CREATE TABLE `users` (
  `id` int(10) unsigned NOT NULL AUTO_INCREMENT,
  `avatar` varchar(255) COLLATE utf8_unicode_ci DEFAULT NULL COMMENT '用户头像',
  `name` varchar(255) COLLATE utf8_unicode_ci NOT NULL COMMENT '用户昵称',
  `email` varchar(255) COLLATE utf8_unicode_ci NOT NULL COMMENT '用户邮箱',
  `password` varchar(255) COLLATE utf8_unicode_ci NOT NULL COMMENT '用户密码',
  `is_admin` int(11) NOT NULL DEFAULT '0' COMMENT '是否是管理员',
  `is_enable` int(11) NOT NULL DEFAULT '1' COMMENT '是否启用',
  `remember_token` varchar(100) COLLATE utf8_unicode_ci DEFAULT NULL COMMENT '找回密码Token',
  `created_at` timestamp NOT NULL DEFAULT '0000-00-00 00:00:00',
  `updated_at` timestamp NOT NULL DEFAULT '0000-00-00 00:00:00',
  PRIMARY KEY (`id`),
  UNIQUE KEY `users_email_unique` (`email`)
) ENGINE=InnoDB DEFAULT CHARSET=utf8 COLLATE=utf8_unicode_ci;

LOCK TABLES `users` WRITE;
/*!40000 ALTER TABLE `users` DISABLE KEYS */;

INSERT INTO `users` (`id`, `avatar`, `name`, `email`, `password`, `is_admin`, `is_enable`, `remember_token`, `created_at`, `updated_at`)
VALUES
	(5,'/uploads/admin_avatar/1496627831avatar.jpg','Petard','admin@admin.com','$2y$10$oni9UsAZasRxnU06eQY1a.I4YEClygFrdAjbGjYvFtZ.Bxpru8lmG',1,1,'2TDCA8U0jqj3K938gTCEcVXM3GXBLZxDDFaFwVLTIxe8mzHvrqduop1ZLB47','2017-05-06 16:57:41','2017-06-08 21:59:19');

/*!40000 ALTER TABLE `users` ENABLE KEYS */;
UNLOCK TABLES;


# Dump of table work_and_work_dates
# ------------------------------------------------------------

DROP TABLE IF EXISTS `work_and_work_dates`;

CREATE TABLE `work_and_work_dates` (
  `id` int(10) unsigned NOT NULL AUTO_INCREMENT,
  `work_id` int(11) NOT NULL,
  `workdate_id` int(11) NOT NULL,
  `created_at` timestamp NOT NULL DEFAULT '0000-00-00 00:00:00',
  `updated_at` timestamp NOT NULL DEFAULT '0000-00-00 00:00:00',
  PRIMARY KEY (`id`)
) ENGINE=InnoDB DEFAULT CHARSET=utf8 COLLATE=utf8_unicode_ci;

LOCK TABLES `work_and_work_dates` WRITE;
/*!40000 ALTER TABLE `work_and_work_dates` DISABLE KEYS */;

INSERT INTO `work_and_work_dates` (`id`, `work_id`, `workdate_id`, `created_at`, `updated_at`)
VALUES
	(169,42,33,'2017-06-05 10:39:14','2017-06-05 10:39:14'),
	(170,42,34,'2017-06-05 10:39:14','2017-06-05 10:39:14'),
	(171,42,35,'2017-06-05 10:39:14','2017-06-05 10:39:14'),
	(172,42,36,'2017-06-05 10:39:14','2017-06-05 10:39:14'),
	(173,43,33,'2017-06-05 10:39:21','2017-06-05 10:39:21'),
	(174,43,34,'2017-06-05 10:39:21','2017-06-05 10:39:21'),
	(175,43,35,'2017-06-05 10:39:21','2017-06-05 10:39:21'),
	(176,43,36,'2017-06-05 10:39:21','2017-06-05 10:39:21'),
	(177,44,33,'2017-06-05 10:39:30','2017-06-05 10:39:30'),
	(178,44,34,'2017-06-05 10:39:30','2017-06-05 10:39:30'),
	(179,44,35,'2017-06-05 10:39:30','2017-06-05 10:39:30'),
	(180,44,36,'2017-06-05 10:39:30','2017-06-05 10:39:30'),
	(181,45,33,'2017-06-05 10:39:37','2017-06-05 10:39:37'),
	(182,45,34,'2017-06-05 10:39:37','2017-06-05 10:39:37'),
	(183,45,35,'2017-06-05 10:39:37','2017-06-05 10:39:37'),
	(184,45,36,'2017-06-05 10:39:37','2017-06-05 10:39:37'),
	(185,46,33,'2017-06-05 10:39:44','2017-06-05 10:39:44'),
	(186,46,34,'2017-06-05 10:39:44','2017-06-05 10:39:44'),
	(187,46,35,'2017-06-05 10:39:44','2017-06-05 10:39:44'),
	(188,46,36,'2017-06-05 10:39:44','2017-06-05 10:39:44'),
	(189,47,33,'2017-06-05 10:39:52','2017-06-05 10:39:52'),
	(190,47,34,'2017-06-05 10:39:52','2017-06-05 10:39:52'),
	(191,47,35,'2017-06-05 10:39:52','2017-06-05 10:39:52'),
	(192,47,36,'2017-06-05 10:39:52','2017-06-05 10:39:52'),
	(193,48,33,'2017-06-05 10:40:00','2017-06-05 10:40:00'),
	(194,48,34,'2017-06-05 10:40:00','2017-06-05 10:40:00'),
	(195,48,35,'2017-06-05 10:40:00','2017-06-05 10:40:00'),
	(196,48,36,'2017-06-05 10:40:00','2017-06-05 10:40:00'),
	(197,49,37,'2017-06-05 10:40:08','2017-06-05 10:40:08'),
	(198,49,38,'2017-06-05 10:40:08','2017-06-05 10:40:08'),
	(199,49,39,'2017-06-05 10:40:08','2017-06-05 10:40:08'),
	(200,49,40,'2017-06-05 10:40:08','2017-06-05 10:40:08'),
	(201,50,37,'2017-06-05 10:40:12','2017-06-05 10:40:12'),
	(202,50,38,'2017-06-05 10:40:12','2017-06-05 10:40:12'),
	(203,50,39,'2017-06-05 10:40:12','2017-06-05 10:40:12'),
	(204,50,40,'2017-06-05 10:40:12','2017-06-05 10:40:12'),
	(205,51,37,'2017-06-05 10:40:19','2017-06-05 10:40:19'),
	(206,51,38,'2017-06-05 10:40:19','2017-06-05 10:40:19'),
	(207,51,39,'2017-06-05 10:40:19','2017-06-05 10:40:19'),
	(208,51,40,'2017-06-05 10:40:19','2017-06-05 10:40:19'),
	(209,52,37,'2017-06-05 10:40:28','2017-06-05 10:40:28'),
	(210,52,38,'2017-06-05 10:40:28','2017-06-05 10:40:28'),
	(211,52,39,'2017-06-05 10:40:28','2017-06-05 10:40:28'),
	(212,52,40,'2017-06-05 10:40:28','2017-06-05 10:40:28'),
	(213,53,37,'2017-06-05 10:40:35','2017-06-05 10:40:35'),
	(214,53,38,'2017-06-05 10:40:35','2017-06-05 10:40:35'),
	(215,53,39,'2017-06-05 10:40:35','2017-06-05 10:40:35'),
	(216,53,40,'2017-06-05 10:40:35','2017-06-05 10:40:35'),
	(217,54,37,'2017-06-05 10:51:57','2017-06-05 10:51:57'),
	(218,54,38,'2017-06-05 10:51:57','2017-06-05 10:51:57'),
	(219,54,39,'2017-06-05 10:51:57','2017-06-05 10:51:57'),
	(220,54,40,'2017-06-05 10:51:57','2017-06-05 10:51:57'),
	(221,55,37,'2017-06-05 10:52:05','2017-06-05 10:52:05'),
	(222,55,38,'2017-06-05 10:52:05','2017-06-05 10:52:05'),
	(223,55,39,'2017-06-05 10:52:05','2017-06-05 10:52:05'),
	(224,55,40,'2017-06-05 10:52:05','2017-06-05 10:52:05'),
	(225,56,37,'2017-06-05 10:52:12','2017-06-05 10:52:12'),
	(226,56,38,'2017-06-05 10:52:12','2017-06-05 10:52:12'),
	(227,56,39,'2017-06-05 10:52:12','2017-06-05 10:52:12'),
	(228,56,40,'2017-06-05 10:52:12','2017-06-05 10:52:12'),
	(229,57,41,'2017-06-05 10:52:18','2017-06-05 10:52:18'),
	(230,57,42,'2017-06-05 10:52:18','2017-06-05 10:52:18'),
	(231,57,43,'2017-06-05 10:52:18','2017-06-05 10:52:18'),
	(232,57,44,'2017-06-05 10:52:18','2017-06-05 10:52:18'),
	(233,58,41,'2017-06-05 10:52:25','2017-06-05 10:52:25'),
	(234,58,42,'2017-06-05 10:52:25','2017-06-05 10:52:25'),
	(235,58,43,'2017-06-05 10:52:25','2017-06-05 10:52:25'),
	(236,58,44,'2017-06-05 10:52:25','2017-06-05 10:52:25'),
	(237,59,41,'2017-06-05 10:52:33','2017-06-05 10:52:33'),
	(238,59,42,'2017-06-05 10:52:33','2017-06-05 10:52:33'),
	(239,59,43,'2017-06-05 10:52:33','2017-06-05 10:52:33'),
	(240,59,44,'2017-06-05 10:52:33','2017-06-05 10:52:33'),
	(241,60,41,'2017-06-05 10:52:39','2017-06-05 10:52:39'),
	(242,60,42,'2017-06-05 10:52:39','2017-06-05 10:52:39'),
	(243,60,43,'2017-06-05 10:52:39','2017-06-05 10:52:39'),
	(244,60,44,'2017-06-05 10:52:39','2017-06-05 10:52:39'),
	(245,61,41,'2017-06-05 10:52:47','2017-06-05 10:52:47'),
	(246,61,42,'2017-06-05 10:52:47','2017-06-05 10:52:47'),
	(247,61,43,'2017-06-05 10:52:47','2017-06-05 10:52:47'),
	(248,61,44,'2017-06-05 10:52:47','2017-06-05 10:52:47'),
	(249,62,41,'2017-06-05 10:52:55','2017-06-05 10:52:55'),
	(250,62,42,'2017-06-05 10:52:55','2017-06-05 10:52:55'),
	(251,62,43,'2017-06-05 10:52:55','2017-06-05 10:52:55'),
	(252,62,44,'2017-06-05 10:52:55','2017-06-05 10:52:55'),
	(253,63,41,'2017-06-05 10:53:03','2017-06-05 10:53:03'),
	(254,63,42,'2017-06-05 10:53:03','2017-06-05 10:53:03'),
	(255,63,43,'2017-06-05 10:53:03','2017-06-05 10:53:03'),
	(256,63,44,'2017-06-05 10:53:03','2017-06-05 10:53:03'),
	(257,64,41,'2017-06-05 10:53:09','2017-06-05 10:53:09'),
	(258,64,42,'2017-06-05 10:53:09','2017-06-05 10:53:09'),
	(259,64,43,'2017-06-05 10:53:09','2017-06-05 10:53:09'),
	(260,64,44,'2017-06-05 10:53:09','2017-06-05 10:53:09'),
	(261,65,45,'2017-06-05 10:53:15','2017-06-05 10:53:15'),
	(262,65,46,'2017-06-05 10:53:15','2017-06-05 10:53:15'),
	(263,65,47,'2017-06-05 10:53:15','2017-06-05 10:53:15'),
	(264,65,48,'2017-06-05 10:53:15','2017-06-05 10:53:15'),
	(265,66,45,'2017-06-05 10:53:25','2017-06-05 10:53:25'),
	(266,66,46,'2017-06-05 10:53:25','2017-06-05 10:53:25'),
	(267,66,47,'2017-06-05 10:53:25','2017-06-05 10:53:25'),
	(268,66,48,'2017-06-05 10:53:25','2017-06-05 10:53:25'),
	(269,67,45,'2017-06-05 10:53:31','2017-06-05 10:53:31'),
	(270,67,46,'2017-06-05 10:53:31','2017-06-05 10:53:31'),
	(271,67,47,'2017-06-05 10:53:31','2017-06-05 10:53:31'),
	(272,67,48,'2017-06-05 10:53:31','2017-06-05 10:53:31'),
	(273,68,45,'2017-06-05 10:53:39','2017-06-05 10:53:39'),
	(274,68,46,'2017-06-05 10:53:39','2017-06-05 10:53:39'),
	(275,68,47,'2017-06-05 10:53:39','2017-06-05 10:53:39'),
	(276,68,48,'2017-06-05 10:53:39','2017-06-05 10:53:39'),
	(277,69,45,'2017-06-05 10:53:46','2017-06-05 10:53:46'),
	(278,69,46,'2017-06-05 10:53:46','2017-06-05 10:53:46'),
	(279,69,47,'2017-06-05 10:53:46','2017-06-05 10:53:46'),
	(280,69,48,'2017-06-05 10:53:46','2017-06-05 10:53:46'),
	(281,70,45,'2017-06-05 10:53:55','2017-06-05 10:53:55'),
	(282,70,46,'2017-06-05 10:53:55','2017-06-05 10:53:55'),
	(283,70,47,'2017-06-05 10:53:55','2017-06-05 10:53:55'),
	(284,70,48,'2017-06-05 10:53:55','2017-06-05 10:53:55'),
	(285,72,49,'2017-06-05 10:54:10','2017-06-05 10:54:10'),
	(286,72,50,'2017-06-05 10:54:10','2017-06-05 10:54:10'),
	(287,72,51,'2017-06-05 10:54:10','2017-06-05 10:54:10'),
	(288,72,52,'2017-06-05 10:54:10','2017-06-05 10:54:10'),
	(289,73,49,'2017-06-05 10:54:17','2017-06-05 10:54:17'),
	(290,73,50,'2017-06-05 10:54:17','2017-06-05 10:54:17'),
	(291,73,51,'2017-06-05 10:54:17','2017-06-05 10:54:17'),
	(292,73,52,'2017-06-05 10:54:17','2017-06-05 10:54:17'),
	(293,74,49,'2017-06-05 10:54:26','2017-06-05 10:54:26'),
	(294,74,50,'2017-06-05 10:54:26','2017-06-05 10:54:26'),
	(295,74,51,'2017-06-05 10:54:26','2017-06-05 10:54:26'),
	(296,74,52,'2017-06-05 10:54:26','2017-06-05 10:54:26'),
	(297,75,49,'2017-06-05 10:54:35','2017-06-05 10:54:35'),
	(298,75,50,'2017-06-05 10:54:35','2017-06-05 10:54:35'),
	(299,75,51,'2017-06-05 10:54:35','2017-06-05 10:54:35'),
	(300,75,52,'2017-06-05 10:54:35','2017-06-05 10:54:35'),
	(301,76,49,'2017-06-05 10:54:43','2017-06-05 10:54:43'),
	(302,76,50,'2017-06-05 10:54:43','2017-06-05 10:54:43'),
	(303,76,51,'2017-06-05 10:54:43','2017-06-05 10:54:43'),
	(304,76,52,'2017-06-05 10:54:43','2017-06-05 10:54:43'),
	(305,77,49,'2017-06-05 10:54:52','2017-06-05 10:54:52'),
	(306,77,50,'2017-06-05 10:54:52','2017-06-05 10:54:52'),
	(307,77,51,'2017-06-05 10:54:52','2017-06-05 10:54:52'),
	(308,77,52,'2017-06-05 10:54:52','2017-06-05 10:54:52'),
	(309,78,49,'2017-06-05 10:55:01','2017-06-05 10:55:01'),
	(310,78,50,'2017-06-05 10:55:01','2017-06-05 10:55:01'),
	(311,78,51,'2017-06-05 10:55:01','2017-06-05 10:55:01'),
	(312,78,52,'2017-06-05 10:55:01','2017-06-05 10:55:01'),
	(313,79,49,'2017-06-05 10:55:08','2017-06-05 10:55:08'),
	(314,79,50,'2017-06-05 10:55:08','2017-06-05 10:55:08'),
	(315,79,51,'2017-06-05 10:55:08','2017-06-05 10:55:08'),
	(316,79,52,'2017-06-05 10:55:08','2017-06-05 10:55:08'),
	(317,80,53,'2017-06-05 10:55:14','2017-06-05 10:55:14'),
	(318,80,54,'2017-06-05 10:55:14','2017-06-05 10:55:14'),
	(319,80,55,'2017-06-05 10:55:14','2017-06-05 10:55:14'),
	(320,80,56,'2017-06-05 10:55:14','2017-06-05 10:55:14'),
	(321,81,53,'2017-06-05 10:55:20','2017-06-05 10:55:20'),
	(322,81,54,'2017-06-05 10:55:20','2017-06-05 10:55:20'),
	(323,81,55,'2017-06-05 10:55:20','2017-06-05 10:55:20'),
	(324,81,56,'2017-06-05 10:55:20','2017-06-05 10:55:20'),
	(325,82,53,'2017-06-05 10:55:27','2017-06-05 10:55:27'),
	(326,82,54,'2017-06-05 10:55:27','2017-06-05 10:55:27'),
	(327,82,55,'2017-06-05 10:55:27','2017-06-05 10:55:27'),
	(328,82,56,'2017-06-05 10:55:27','2017-06-05 10:55:27'),
	(329,83,53,'2017-06-05 10:55:33','2017-06-05 10:55:33'),
	(330,83,54,'2017-06-05 10:55:33','2017-06-05 10:55:33'),
	(331,83,55,'2017-06-05 10:55:33','2017-06-05 10:55:33'),
	(332,83,56,'2017-06-05 10:55:33','2017-06-05 10:55:33'),
	(333,84,53,'2017-06-05 10:55:41','2017-06-05 10:55:41'),
	(334,84,54,'2017-06-05 10:55:41','2017-06-05 10:55:41'),
	(335,84,55,'2017-06-05 10:55:41','2017-06-05 10:55:41'),
	(336,84,56,'2017-06-05 10:55:41','2017-06-05 10:55:41'),
	(337,85,57,'2017-06-05 10:55:47','2017-06-05 10:55:47'),
	(338,85,58,'2017-06-05 10:55:47','2017-06-05 10:55:47'),
	(339,85,59,'2017-06-05 10:55:47','2017-06-05 10:55:47'),
	(340,85,60,'2017-06-05 10:55:47','2017-06-05 10:55:47'),
	(341,89,57,'2017-06-05 10:55:54','2017-06-05 10:55:54'),
	(342,89,58,'2017-06-05 10:55:54','2017-06-05 10:55:54'),
	(343,89,59,'2017-06-05 10:55:54','2017-06-05 10:55:54'),
	(344,89,60,'2017-06-05 10:55:54','2017-06-05 10:55:54'),
	(345,88,57,'2017-06-05 10:56:02','2017-06-05 10:56:02'),
	(346,88,58,'2017-06-05 10:56:02','2017-06-05 10:56:02'),
	(347,88,59,'2017-06-05 10:56:02','2017-06-05 10:56:02'),
	(348,88,60,'2017-06-05 10:56:02','2017-06-05 10:56:02'),
	(349,87,57,'2017-06-05 10:56:11','2017-06-05 10:56:11'),
	(350,87,58,'2017-06-05 10:56:11','2017-06-05 10:56:11'),
	(351,87,59,'2017-06-05 10:56:11','2017-06-05 10:56:11'),
	(352,87,60,'2017-06-05 10:56:11','2017-06-05 10:56:11'),
	(353,86,57,'2017-06-05 10:56:18','2017-06-05 10:56:18'),
	(354,86,58,'2017-06-05 10:56:18','2017-06-05 10:56:18'),
	(355,86,59,'2017-06-05 10:56:18','2017-06-05 10:56:18'),
	(356,86,60,'2017-06-05 10:56:18','2017-06-05 10:56:18'),
	(357,41,45,'2017-06-06 16:32:01','2017-06-06 16:32:01'),
	(358,41,46,'2017-06-06 16:32:01','2017-06-06 16:32:01'),
	(359,41,47,'2017-06-06 16:32:01','2017-06-06 16:32:01'),
	(360,41,48,'2017-06-06 16:32:01','2017-06-06 16:32:01'),
	(361,90,33,'2017-06-08 22:01:26','2017-06-08 22:01:26'),
	(362,93,38,'2017-06-12 11:59:56','2017-06-12 11:59:56'),
	(363,94,37,'2017-06-12 13:52:11','2017-06-12 13:52:11'),
	(364,95,37,'2017-06-12 13:52:11','2017-06-12 13:52:11'),
	(365,96,37,'2017-06-12 13:52:11','2017-06-12 13:52:11'),
	(366,97,37,'2017-06-12 13:52:11','2017-06-12 13:52:11');

/*!40000 ALTER TABLE `work_and_work_dates` ENABLE KEYS */;
UNLOCK TABLES;


# Dump of table work_dates
# ------------------------------------------------------------

DROP TABLE IF EXISTS `work_dates`;

CREATE TABLE `work_dates` (
  `id` int(10) unsigned NOT NULL AUTO_INCREMENT,
  `name` varchar(255) COLLATE utf8_unicode_ci NOT NULL,
  `worktype_id` int(11) NOT NULL,
  `created_at` timestamp NOT NULL DEFAULT '0000-00-00 00:00:00',
  `updated_at` timestamp NOT NULL DEFAULT '0000-00-00 00:00:00',
  PRIMARY KEY (`id`)
) ENGINE=InnoDB DEFAULT CHARSET=utf8 COLLATE=utf8_unicode_ci;

LOCK TABLES `work_dates` WRITE;
/*!40000 ALTER TABLE `work_dates` DISABLE KEYS */;

INSERT INTO `work_dates` (`id`, `name`, `worktype_id`, `created_at`, `updated_at`)
VALUES
	(33,'西',1,'2017-06-02 15:46:53','2017-06-02 15:46:53'),
	(34,'方',1,'2017-06-02 15:46:57','2017-06-02 15:46:57'),
	(35,'油',1,'2017-06-02 15:47:03','2017-06-02 15:47:03'),
	(36,'画',1,'2017-06-02 15:47:07','2017-06-02 15:47:07'),
	(37,'中',2,'2017-06-02 15:47:15','2017-06-02 15:47:15'),
	(38,'国',2,'2017-06-02 15:47:22','2017-06-02 15:47:22'),
	(39,'国',2,'2017-06-02 15:47:30','2017-06-02 15:47:30'),
	(40,'画',2,'2017-06-02 15:47:40','2017-06-02 15:47:40'),
	(41,'中',3,'2017-06-02 15:47:47','2017-06-02 15:47:47'),
	(42,'国',3,'2017-06-02 15:47:55','2017-06-02 15:47:55'),
	(43,'书',3,'2017-06-02 15:48:02','2017-06-02 15:48:02'),
	(44,'法',3,'2017-06-02 15:48:08','2017-06-02 15:48:08'),
	(45,'碑',4,'2017-06-02 15:48:18','2017-06-02 15:48:18'),
	(46,'帖',4,'2017-06-02 15:48:22','2017-06-02 15:48:29'),
	(47,'古',4,'2017-06-02 15:48:34','2017-06-02 15:48:34'),
	(48,'籍',4,'2017-06-02 15:48:40','2017-06-02 15:48:40'),
	(49,'唐',5,'2017-06-02 15:48:46','2017-06-02 15:48:46'),
	(50,'卡',5,'2017-06-02 15:48:52','2017-06-02 15:48:52'),
	(51,'壁',5,'2017-06-02 15:48:59','2017-06-02 15:48:59'),
	(52,'画',5,'2017-06-02 15:49:05','2017-06-02 15:49:05'),
	(53,'印',6,'2017-06-02 15:49:15','2017-06-02 15:49:15'),
	(54,'章',6,'2017-06-02 15:49:21','2017-06-02 15:49:21'),
	(55,'印',6,'2017-06-02 15:49:26','2017-06-02 15:49:26'),
	(56,'谱',6,'2017-06-02 15:49:32','2017-06-02 15:49:32'),
	(57,'日',7,'2017-06-02 15:49:38','2017-06-02 15:49:38'),
	(58,'本',7,'2017-06-02 15:49:44','2017-06-02 15:49:44'),
	(59,'版',7,'2017-06-02 15:49:52','2017-06-02 15:49:52'),
	(60,'画',7,'2017-06-02 15:49:57','2017-06-02 15:49:57');

/*!40000 ALTER TABLE `work_dates` ENABLE KEYS */;
UNLOCK TABLES;


# Dump of table work_types
# ------------------------------------------------------------

DROP TABLE IF EXISTS `work_types`;

CREATE TABLE `work_types` (
  `id` int(10) unsigned NOT NULL AUTO_INCREMENT,
  `name` varchar(255) COLLATE utf8_unicode_ci NOT NULL,
  `created_at` timestamp NOT NULL DEFAULT '0000-00-00 00:00:00',
  `updated_at` timestamp NOT NULL DEFAULT '0000-00-00 00:00:00',
  PRIMARY KEY (`id`)
) ENGINE=InnoDB DEFAULT CHARSET=utf8 COLLATE=utf8_unicode_ci;

LOCK TABLES `work_types` WRITE;
/*!40000 ALTER TABLE `work_types` DISABLE KEYS */;

INSERT INTO `work_types` (`id`, `name`, `created_at`, `updated_at`)
VALUES
	(1,'西方油画','2017-05-22 17:33:04','2017-05-22 17:33:04'),
	(2,'中国国画','2017-05-22 17:33:10','2017-05-22 17:33:10'),
	(3,'中国书法','2017-05-22 17:33:20','2017-05-22 17:33:20'),
	(4,'碑帖古籍','2017-05-22 17:33:26','2017-05-22 17:33:26'),
	(5,'唐卡壁画','2017-06-01 15:19:03','2017-06-01 15:19:03'),
	(6,'印章印谱','2017-06-01 15:28:51','2017-06-01 15:28:51'),
	(7,'日本版画','2017-06-01 15:29:04','2017-06-01 15:29:04');

/*!40000 ALTER TABLE `work_types` ENABLE KEYS */;
UNLOCK TABLES;


# Dump of table works
# ------------------------------------------------------------

DROP TABLE IF EXISTS `works`;

CREATE TABLE `works` (
  `id` int(10) unsigned NOT NULL AUTO_INCREMENT,
  `file_name` text COLLATE utf8_unicode_ci COMMENT '文件名称',
  `work_name` text COLLATE utf8_unicode_ci COMMENT '作品名称',
  `author_id` int(11) DEFAULT NULL COMMENT '作者ID',
  `countries` text COLLATE utf8_unicode_ci COMMENT '国家',
  `creation_time` text COLLATE utf8_unicode_ci COMMENT '创作时间',
  `material` text COLLATE utf8_unicode_ci COMMENT '材质',
  `size` text COLLATE utf8_unicode_ci COMMENT '大小',
  `worktype_id` int(11) DEFAULT NULL COMMENT '作品类型',
  `creating_location` text COLLATE utf8_unicode_ci COMMENT '创作地址',
  `collection_location` text COLLATE utf8_unicode_ci COMMENT '收藏地址',
  `small_image` text COLLATE utf8_unicode_ci COMMENT '略缩图',
  `big_image` text COLLATE utf8_unicode_ci COMMENT '高清图',
  `qrcode` text COLLATE utf8_unicode_ci NOT NULL COMMENT '二维码',
  `intro` text COLLATE utf8_unicode_ci NOT NULL COMMENT '简介',
  `is_complete` int(11) NOT NULL DEFAULT '1' COMMENT '是否完成',
  `created_at` timestamp NOT NULL DEFAULT '0000-00-00 00:00:00',
  `updated_at` timestamp NOT NULL DEFAULT '0000-00-00 00:00:00',
  PRIMARY KEY (`id`)
) ENGINE=InnoDB DEFAULT CHARSET=utf8 COLLATE=utf8_unicode_ci;

LOCK TABLES `works` WRITE;
/*!40000 ALTER TABLE `works` DISABLE KEYS */;

INSERT INTO `works` (`id`, `file_name`, `work_name`, `author_id`, `countries`, `creation_time`, `material`, `size`, `worktype_id`, `creating_location`, `collection_location`, `small_image`, `big_image`, `qrcode`, `intro`, `is_complete`, `created_at`, `updated_at`)
VALUES
	(41,'wallhaven-725.jpg','translatable',10,'translatable','','translatable','translatable',4,'translatable','translatable','/uploads/work/small_image/1496737921wallhaven-6413.jpg','/uploads/work/big_image/1496737921wallhaven-6413.jpg','','translatabletranslatable',1,'2017-06-05 10:38:06','2017-06-06 16:32:01'),
	(42,'wallhaven-1116.jpg','translatable',6,'translatable','','translatable','translatable',1,'translatable','translatable','/uploads/work/small_image/1496630286wallhaven-1116.jpg','/uploads/work/big_image/1496630286wallhaven-1116.jpg','','translatable',1,'2017-06-05 10:38:06','2017-06-05 10:39:14'),
	(43,'wallhaven-1151.jpg','translatable',6,'translatable','','translatable','translatable',1,'translatable','translatable','/uploads/work/small_image/1496630287wallhaven-1151.jpg','/uploads/work/big_image/1496630286wallhaven-1151.jpg','','translatable',1,'2017-06-05 10:38:07','2017-06-05 10:39:21'),
	(44,'wallhaven-6409.jpg','translatable',6,'translatable','','translatable','translatable',1,'translatable','translatable','/uploads/work/small_image/1496630287wallhaven-6409.jpg','/uploads/work/big_image/1496630287wallhaven-6409.jpg','','translatable',1,'2017-06-05 10:38:07','2017-06-05 10:39:30'),
	(45,'wallhaven-6413.jpg','translatable',6,'translatable','','translatable','translatable',1,'translatable','translatable','/uploads/work/small_image/1496630287wallhaven-6413.jpg','/uploads/work/big_image/1496630287wallhaven-6413.jpg','','translatable',1,'2017-06-05 10:38:07','2017-06-05 10:39:37'),
	(46,'wallhaven-7599.jpg','translatable',6,'translatable','','translatable','translatable',1,'translatable','translatable','/uploads/work/small_image/1496630288wallhaven-7599.jpg','/uploads/work/big_image/1496630287wallhaven-7599.jpg','','translatable',1,'2017-06-05 10:38:08','2017-06-05 10:39:44'),
	(47,'wallhaven-10694.jpg','translatable',6,'translatable','','translatable','translatable',1,'translatable','translatable','/uploads/work/small_image/1496630288wallhaven-10694.jpg','/uploads/work/big_image/1496630288wallhaven-10694.jpg','','translatable',1,'2017-06-05 10:38:08','2017-06-05 10:39:52'),
	(48,'wallhaven-13117.jpg','translatable',6,'translatable','','translatable','translatable',1,'translatable','translatable','/uploads/work/small_image/1496630289wallhaven-13117.jpg','/uploads/work/big_image/1496630288wallhaven-13117.jpg','','translatable',1,'2017-06-05 10:38:09','2017-06-05 10:40:00'),
	(49,'wallhaven-13681.jpg','translatable',7,'translatable','','translatable','translatable',2,'translatable','translatable','/uploads/work/small_image/1496630289wallhaven-13681.jpg','/uploads/work/big_image/1496630288wallhaven-13681.jpg','','translatable',1,'2017-06-05 10:38:09','2017-06-05 10:40:08'),
	(50,'wallhaven-14375.jpg','translatable',7,'translatable','','translatable','translatable',2,'translatable','translatable','/uploads/work/small_image/1496630289wallhaven-14375.jpg','/uploads/work/big_image/1496630289wallhaven-14375.jpg','','translatable',1,'2017-06-05 10:38:09','2017-06-05 10:40:12'),
	(51,'wallhaven-18349.jpg','translatable',7,'translatable','','translatable','translatable',2,'translatable','translatable','/uploads/work/small_image/1496630290wallhaven-18349.jpg','/uploads/work/big_image/1496630289wallhaven-18349.jpg','','translatable',1,'2017-06-05 10:38:10','2017-06-05 10:40:19'),
	(52,'wallhaven-32808.jpg','translatable',7,'translatable','','translatable','translatable',2,'translatable','translatable','/uploads/work/small_image/1496630290wallhaven-32808.jpg','/uploads/work/big_image/1496630289wallhaven-32808.jpg','','translatable',1,'2017-06-05 10:38:10','2017-06-05 10:40:28'),
	(53,'wallhaven-36822.jpg','translatable',7,'translatable','','translatable','translatable',2,'translatable','translatable','/uploads/work/small_image/1496630290wallhaven-36822.jpg','/uploads/work/big_image/1496630290wallhaven-36822.jpg','','translatable',1,'2017-06-05 10:38:10','2017-06-05 10:40:35'),
	(54,'wallhaven-42203.jpg','translatable',7,'translatable','','translatable','translatable',2,'translatable','translatable','/uploads/work/small_image/1496630290wallhaven-42203.jpg','/uploads/work/big_image/1496630290wallhaven-42203.jpg','','translatable',1,'2017-06-05 10:38:10','2017-06-05 10:51:57'),
	(55,'wallhaven-45287.jpg','translatable',7,'translatable','','translatable','translatable',2,'translatable','translatable','/uploads/work/small_image/1496630291wallhaven-45287.jpg','/uploads/work/big_image/1496630290wallhaven-45287.jpg','','translatable',1,'2017-06-05 10:38:11','2017-06-05 10:52:05'),
	(56,'wallhaven-70577.jpg','translatable',7,'translatable','','translatable','translatable',2,'translatable','translatable','/uploads/work/small_image/1496630291wallhaven-70577.jpg','/uploads/work/big_image/1496630290wallhaven-70577.jpg','','translatable',1,'2017-06-05 10:38:11','2017-06-05 10:52:12'),
	(57,'wallhaven-79619.jpg','translatable',8,'translatable','','translatable','translatable',3,'translatable','translatable','/uploads/work/small_image/1496630291wallhaven-79619.jpg','/uploads/work/big_image/1496630291wallhaven-79619.jpg','','translatable',1,'2017-06-05 10:38:11','2017-06-05 10:52:18'),
	(58,'wallhaven-81026.jpg','translatable',8,'translatable','','translatable','translatable',3,'translatable','translatable','/uploads/work/small_image/1496630291wallhaven-81026.jpg','/uploads/work/big_image/1496630291wallhaven-81026.jpg','','translatable',1,'2017-06-05 10:38:11','2017-06-05 10:52:25'),
	(59,'wallhaven-144290.jpg','translatable',8,'translatable','','translatable','translatable',3,'translatable','translatable','/uploads/work/small_image/1496630292wallhaven-144290.jpg','/uploads/work/big_image/1496630291wallhaven-144290.jpg','','translatable',1,'2017-06-05 10:38:12','2017-06-05 10:52:33'),
	(60,'wallhaven-128592.jpg','translatable',8,'translatable','','translatable','translatable',3,'translatable','translatable','/uploads/work/small_image/1496630292wallhaven-128592.jpg','/uploads/work/big_image/1496630291wallhaven-128592.jpg','','translatable',1,'2017-06-05 10:38:12','2017-06-05 10:52:39'),
	(61,'wallhaven-157515.jpg','translatable',8,'translatable','','translatable','translatable',3,'translatable','translatable','/uploads/work/small_image/1496630292wallhaven-157515.jpg','/uploads/work/big_image/1496630292wallhaven-157515.jpg','','translatable',1,'2017-06-05 10:38:12','2017-06-05 10:52:47'),
	(62,'wallhaven-167182.jpg','translatable',8,'translatable','','translatable','translatable',3,'translatable','translatable','/uploads/work/small_image/1496630292wallhaven-167182.jpg','/uploads/work/big_image/1496630292wallhaven-167182.jpg','','translatable',1,'2017-06-05 10:38:12','2017-06-05 10:52:55'),
	(63,'wallhaven-171500.jpg','translatable',8,'translatable','','translatable','translatable',3,'translatable','translatable','/uploads/work/small_image/1496630293wallhaven-171500.jpg','/uploads/work/big_image/1496630292wallhaven-171500.jpg','','translatable',1,'2017-06-05 10:38:13','2017-06-05 10:53:03'),
	(64,'wallhaven-189500.jpg','translatable',8,'translatable','','translatable','translatable',3,'translatable','translatable','/uploads/work/small_image/1496630293wallhaven-189500.jpg','/uploads/work/big_image/1496630293wallhaven-189500.jpg','','translatable',1,'2017-06-05 10:38:13','2017-06-05 10:53:09'),
	(65,'wallhaven-205033.jpg','translatable',10,'translatable','','translatable','translatable',4,'translatable','translatable','/uploads/work/small_image/1496630293wallhaven-205033.jpg','/uploads/work/big_image/1496630293wallhaven-205033.jpg','','translatable',1,'2017-06-05 10:38:13','2017-06-05 10:53:15'),
	(66,'wallhaven-226858.jpg','translatable',10,'translatable','','translatable','translatable',4,'translatable','translatable','/uploads/work/small_image/1496630294wallhaven-226858.jpg','/uploads/work/big_image/1496630293wallhaven-226858.jpg','','translatable',1,'2017-06-05 10:38:14','2017-06-05 10:53:25'),
	(67,'wallhaven-229670.jpg','translatable',10,'translatable','','translatable','translatable',4,'translatable','translatable','/uploads/work/small_image/1496630294wallhaven-229670.jpg','/uploads/work/big_image/1496630294wallhaven-229670.jpg','','translatable',1,'2017-06-05 10:38:14','2017-06-05 10:53:31'),
	(68,'wallhaven-237445.jpg','translatable',10,'translatable','','translatable','translatable',4,'translatable','translatable','/uploads/work/small_image/1496630295wallhaven-237445.jpg','/uploads/work/big_image/1496630294wallhaven-237445.jpg','','translatable',1,'2017-06-05 10:38:15','2017-06-05 10:53:39'),
	(69,'wallhaven-253737.jpg','translatable',10,'translatable','','translatable','translatable',4,'translatable','translatable','/uploads/work/small_image/1496630295wallhaven-253737.jpg','/uploads/work/big_image/1496630294wallhaven-253737.jpg','','translatable',1,'2017-06-05 10:38:15','2017-06-05 10:53:46'),
	(70,'wallhaven-373390.jpg','translatable',10,'translatable','','translatable','translatable',4,'translatable','translatable','/uploads/work/small_image/1496630295wallhaven-373390.jpg','/uploads/work/big_image/1496630294wallhaven-373390.jpg','','translatable',1,'2017-06-05 10:38:15','2017-06-05 10:53:55'),
	(72,'wallhaven-433952.jpg','translatable',11,'translatable','','translatable','translatable',5,'translatable','translatable','/uploads/work/small_image/1496630295wallhaven-433952.jpg','/uploads/work/big_image/1496630295wallhaven-433952.jpg','','translatable',1,'2017-06-05 10:38:15','2017-06-05 10:54:10'),
	(73,'wallhaven-492362.jpg','translatable',11,'translatable','','translatable','translatable',5,'translatable','translatable','/uploads/work/small_image/1496630295wallhaven-492362.jpg','/uploads/work/big_image/1496630295wallhaven-492362.jpg','','translatable',1,'2017-06-05 10:38:15','2017-06-05 10:54:17'),
	(74,'wallhaven-496738.jpg','translatable',11,'translatable','','translatable','translatable',5,'translatable','translatable','/uploads/work/small_image/1496630296wallhaven-496738.jpg','/uploads/work/big_image/1496630296wallhaven-496738.jpg','','translatable',1,'2017-06-05 10:38:16','2017-06-05 10:54:26'),
	(75,'wallhaven-500087.png','translatable',11,'translatable','','translatable','translatable',5,'translatable','translatable','/uploads/work/small_image/1496630296wallhaven-500087.png','/uploads/work/big_image/1496630296wallhaven-500087.png','','translatable',1,'2017-06-05 10:38:17','2017-06-05 10:54:35'),
	(76,'wallhaven-500095.png','translatable',11,'translatable','','translatable','translatable',5,'translatable','translatable','/uploads/work/small_image/1496630296wallhaven-500095.png','/uploads/work/big_image/1496630296wallhaven-500095.png','','translatable',1,'2017-06-05 10:38:17','2017-06-05 10:54:43'),
	(77,'wallhaven-501764.jpg','translatable',11,'translatable','','translatable','translatable',5,'translatable','translatable','/uploads/work/small_image/1496630297wallhaven-501764.jpg','/uploads/work/big_image/1496630297wallhaven-501764.jpg','','translatable',1,'2017-06-05 10:38:17','2017-06-05 10:54:52'),
	(78,'wallhaven-509156.jpg','translatable',11,'translatable','','translatable','translatable',5,'translatable','translatable','/uploads/work/small_image/1496630298wallhaven-509156.jpg','/uploads/work/big_image/1496630297wallhaven-509156.jpg','','translatable',1,'2017-06-05 10:38:18','2017-06-05 10:55:01'),
	(79,'wallhaven-508950.jpg','translatable',11,'translatable','','translatable','translatable',5,'translatable','translatable','/uploads/work/small_image/1496630298wallhaven-508950.jpg','/uploads/work/big_image/1496630297wallhaven-508950.jpg','','translatable',1,'2017-06-05 10:38:18','2017-06-05 10:55:08'),
	(80,'wallhaven-510445.jpg','translatable',12,'translatable','','translatable','translatable',6,'translatable','translatable','/uploads/work/small_image/1496630298wallhaven-510445.jpg','/uploads/work/big_image/1496630297wallhaven-510445.jpg','','translatable',1,'2017-06-05 10:38:18','2017-06-05 10:55:14'),
	(81,'wallhaven-514129.jpg','translatable',12,'translatable','','translatable','translatable',6,'translatable','translatable','/uploads/work/small_image/1496630298wallhaven-514129.jpg','/uploads/work/big_image/1496630298wallhaven-514129.jpg','','translatable',1,'2017-06-05 10:38:18','2017-06-05 10:55:20'),
	(82,'wallhaven-518254.jpg','translatable',12,'translatable','','translatable','translatable',6,'translatable','translatable','/uploads/work/small_image/1496630299wallhaven-518254.jpg','/uploads/work/big_image/1496630298wallhaven-518254.jpg','','translatable',1,'2017-06-05 10:38:19','2017-06-05 10:55:27'),
	(83,'wallhaven-518384.jpg','translatable',12,'translatable','','translatable','translatable',6,'translatable','translatable','/uploads/work/small_image/1496630299wallhaven-518384.jpg','/uploads/work/big_image/1496630298wallhaven-518384.jpg','','translatable',1,'2017-06-05 10:38:19','2017-06-05 10:55:33'),
	(84,'wallhaven-518494.jpg','translatable',12,'translatable','','translatable','translatable',6,'translatable','translatable','/uploads/work/small_image/1496630299wallhaven-518494.jpg','/uploads/work/big_image/1496630299wallhaven-518494.jpg','','translatable',1,'2017-06-05 10:38:19','2017-06-05 10:55:41'),
	(85,'wallhaven-518549.jpg','translatable',13,'translatable','','translatable','translatable',7,'translatable','translatable','/uploads/work/small_image/1496630299wallhaven-518549.jpg','/uploads/work/big_image/1496630299wallhaven-518549.jpg','','translatable',1,'2017-06-05 10:38:19','2017-06-05 10:55:47'),
	(86,'wallhaven-519018.jpg','translatable',13,'translatable','','translatable','translatable',7,'translatable','translatable','/uploads/work/small_image/1496630300wallhaven-519018.jpg','/uploads/work/big_image/1496630299wallhaven-519018.jpg','','translatable',1,'2017-06-05 10:38:20','2017-06-05 10:56:18'),
	(87,'wallhaven-520007.jpg','translatable',13,'translatable','','translatable','translatable',7,'translatable','translatable','/uploads/work/small_image/1496630300wallhaven-520007.jpg','/uploads/work/big_image/1496630300wallhaven-520007.jpg','','translatable',1,'2017-06-05 10:38:20','2017-06-05 10:56:11'),
	(88,'wallhaven-520024.jpg','translatable',13,'translatable','','translatable','translatable',7,'translatable','translatable','/uploads/work/small_image/1496630300wallhaven-520024.jpg','/uploads/work/big_image/1496630300wallhaven-520024.jpg','','translatable',1,'2017-06-05 10:38:20','2017-06-05 10:56:02'),
	(89,'wallhaven-520030.jpg','translatable',13,'translatable','','translatable','translatable',7,'translatable','translatable','/uploads/work/small_image/1496630300wallhaven-520030.jpg','/uploads/work/big_image/1496630300wallhaven-520030.jpg','','translatable',1,'2017-06-05 10:38:20','2017-06-05 10:55:54'),
	(90,'wallhaven-6413.jpg','translatable',6,'奥术符文青尔齐温热无犬瘟','','去玩儿无群二翁人情味儿去','去玩儿无群二无群二我去二',1,'去玩儿群翁人微望轻二无群','去玩儿无群二无群若我去二','/uploads/work/small_image/1496909963wallhaven-6413.jpg','/uploads/work/big_image/1496909963wallhaven-6413.jpg','','去玩儿无群二无群若我去二去玩儿无群二无群若我去二去玩儿无群二无群若我去二去玩儿无群二无群若我去二去玩儿无群二无群若我去二去玩儿无群二无群若我',1,'2017-06-08 16:19:23','2017-06-08 22:01:26'),
	(91,'wallhaven-13478',NULL,NULL,NULL,NULL,NULL,NULL,NULL,NULL,NULL,'/uploads/work/small_image/1497239749wallhaven-13478.jpg','/uploads/work/big_image/1497239749wallhaven-13478.jpg','','',0,'2017-06-12 11:55:49','2017-06-12 11:55:49'),
	(92,'wallhaven-25530',NULL,NULL,NULL,NULL,NULL,NULL,1,NULL,NULL,'/uploads/work/small_image/1497239871wallhaven-25530.jpg','/uploads/work/big_image/1497239871wallhaven-25530.jpg','','',0,'2017-06-12 11:57:51','2017-06-12 11:57:51'),
	(93,'wallhaven-81026',NULL,NULL,NULL,NULL,NULL,NULL,2,NULL,NULL,'/uploads/work/small_image/1497239996wallhaven-81026.jpg','/uploads/work/big_image/1497239995wallhaven-81026.jpg','','',0,'2017-06-12 11:59:56','2017-06-12 11:59:56'),
	(94,'wallhaven-725',NULL,NULL,NULL,NULL,NULL,NULL,2,NULL,NULL,'/uploads/work/small_image/1497246731wallhaven-725.jpg','/uploads/work/big_image/1497246730wallhaven-725.jpg','','',0,'2017-06-12 13:52:11','2017-06-12 13:52:11'),
	(95,'wallhaven-1116',NULL,NULL,NULL,NULL,NULL,NULL,2,NULL,NULL,'/uploads/work/small_image/1497246731wallhaven-1116.jpg','/uploads/work/big_image/1497246730wallhaven-1116.jpg','','',0,'2017-06-12 13:52:11','2017-06-12 13:52:11'),
	(96,'wallhaven-1151',NULL,NULL,NULL,NULL,NULL,NULL,2,NULL,NULL,'/uploads/work/small_image/1497246731wallhaven-1151.jpg','/uploads/work/big_image/1497246730wallhaven-1151.jpg','','',0,'2017-06-12 13:52:11','2017-06-12 13:52:11'),
	(97,'wallhaven-6399',NULL,NULL,NULL,NULL,NULL,NULL,2,NULL,NULL,'/uploads/work/small_image/1497246731wallhaven-6399.jpg','/uploads/work/big_image/1497246731wallhaven-6399.jpg','','',0,'2017-06-12 13:52:11','2017-06-12 13:52:11');

/*!40000 ALTER TABLE `works` ENABLE KEYS */;
UNLOCK TABLES;



/*!40111 SET SQL_NOTES=@OLD_SQL_NOTES */;
/*!40101 SET SQL_MODE=@OLD_SQL_MODE */;
/*!40014 SET FOREIGN_KEY_CHECKS=@OLD_FOREIGN_KEY_CHECKS */;
/*!40101 SET CHARACTER_SET_CLIENT=@OLD_CHARACTER_SET_CLIENT */;
/*!40101 SET CHARACTER_SET_RESULTS=@OLD_CHARACTER_SET_RESULTS */;
/*!40101 SET COLLATION_CONNECTION=@OLD_COLLATION_CONNECTION */;
